,全国一般公共预算收入,中央一般公共预算收入,地方一般公共预算本级收入,税收收入,非税收入,国内增值税,国内消费税,企业所得税,个人所得税,进口货物增值税消费税,关税,出口退税,城市维护建设税,车辆购置税,印花税,资源税,契税,房产税,城镇土地使用税,土地增值税,耕地占用税,环境保护税,其他各项税收收入,全国一般公共预算支出,中央一般公共预算本级支出,地方一般公共预算支出,教育支出,科学技术支出,文化旅游体育与传媒支出,社会保障和就业支出,卫生健康支出,节能环保支出,城乡社区支出,农林水支出,交通运输支出,债务付息支出,全国政府性基金预算收入,中央政府性基金预算收入,方政府性基金预算本级收入,国有土地使用权出让收入,全国政府性基金预算支出,中央政府性基金预算本级支出,地方政府性基金预算支出,国有土地使用权出让收入相关支出
2025-12-01,216045.0,93963.0,122082.0,176363.0,39682.0,68947.0,16857.0,41304.0,16187.0,18263.0,2369.0,-21337.0,5170.0,1972.0,4270.0,2950.0,4440.0,5212.0,2551.0,4102.0,1421.0,287.0,1398.0,287395.0,43034.0,244361.0,43417.0,12062.0,3946.0,44416.0,21446.0,5816.0,20664.0,23495.0,11977.0,13491.0,57704.0,5056.0,52648.0,41518.0,112874.0,10984.0,101890.0,47120.0
2025-11-01,200516.0,88464.0,112052.0,164814.0,35702.0,63629.0,15639.0,40234.0,14689.0,16520.0,2149.0,-19038.0,4753.0,1814.0,4044.0,2717.0,3968.0,4714.0,2340.0,3782.0,1308.0,274.0,1278.0,248538.0,38232.0,210306.0,37856.0,8892.0,3177.0,40721.0,18687.0,4720.0,16790.0,19449.0,10177.0,12189.0,40274.0,3938.0,36336.0,29119.0,92124.0,9078.0,83046.0,38489.0
2025-10-01,186490.0,81856.0,104634.0,153364.0,33126.0,58858.0,14390.0,39182.0,13363.0,15007.0,1954.0,-18121.0,4377.0,1676.0,3781.0,2501.0,3646.0,4373.0,2167.0,3584.0,1207.0,262.0,1157.0,225825.0,34727.0,191098.0,34117.0,7847.0,2878.0,37742.0,16877.0,4235.0,15253.0,17627.0,9199.0,10952.0,34473.0,3618.0,30855.0,24982.0,80892.0,8564.0,72328.0,33752.0
2025-09-01,163876.0,70837.0,93039.0,132664.0,31212.0,52271.0,12934.0,32527.0,11799.0,13465.0,1750.0,-17018.0,3861.0,1517.0,3142.0,2156.0,3372.0,3478.0,1812.0,3296.0,1128.0,208.0,966.0,208064.0,31008.0,177056.0,31599.0,7105.0,2652.0,34928.0,15712.0,3928.0,14218.0,16082.0,8470.0,9819.0,30717.0,3276.0,27441.0,22302.0,74924.0,8090.0,66834.0,31383.0
2025-08-01,148198.0,64268.0,83930.0,121085.0,27113.0,47389.0,11523.0,31477.0,10547.0,11770.0,1527.0,-15766.0,3471.0,1334.0,2844.0,1943.0,3012.0,3307.0,1704.0,2967.0,1001.0,197.0,838.0,179324.0,26570.0,152754.0,27078.0,5874.0,2272.0,30723.0,13717.0,3315.0,12319.0,13589.0,7128.0,8715.0,26449.0,2933.0,23516.0,19263.0,62602.0,7609.0,54993.0,26732.0
2025-07-01,135839.0,58538.0,77301.0,110933.0,24906.0,42551.0,10213.0,30566.0,9279.0,10300.0,1316.0,-14065.0,3105.0,1183.0,2559.0,1747.0,2694.0,3201.0,1653.0,2786.0,918.0,190.0,737.0,160737.0,23327.0,137410.0,24438.0,5330.0,2012.0,27621.0,12402.0,2949.0,11185.0,12323.0,6340.0,7573.0,23124.0,2596.0,20528.0,16950.0,54287.0,7109.0,47178.0,23572.0
2025-06-01,115566.0,48589.0,66977.0,92915.0,22651.0,36393.0,8980.0,24910.0,7945.0,8729.0,1094.0,-12702.0,2629.0,1014.0,1953.0,1438.0,2368.0,2618.0,1372.0,2535.0,860.0,141.0,638.0,141271.0,19914.0,121357.0,21483.0,4790.0,1738.0,24504.0,11004.0,2556.0,10036.0,10626.0,5620.0,6689.0,19442.0,2173.0,17269.0,14271.0,46273.0,6308.0,39965.0,20601.0
2025-05-01,96623.0,41486.0,55137.0,79156.0,17467.0,30850.0,7729.0,21826.0,6572.0,7240.0,898.0,-10836.0,2248.0,837.0,1787.0,1224.0,1949.0,2315.0,1178.0,2031.0,643.0,127.0,538.0,112953.0,15792.0,97161.0,17455.0,3609.0,1382.0,20054.0,8896.0,2007.0,7923.0,7695.0,4448.0,5524.0,15483.0,1848.0,13635.0,11281.0,32125.0,993.0,31132.0,16113.0
2025-04-01,80616.0,33928.0,46688.0,65556.0,15060.0,26254.0,6502.0,17341.0,5376.0,5732.0,686.0,-9110.0,1891.0,677.0,1614.0,1028.0,1618.0,2026.0,1011.0,1804.0,550.0,120.0,436.0,93581.0,12282.0,81299.0,14481.0,2953.0,1110.0,16852.0,7462.0,1687.0,6743.0,6337.0,3812.0,4023.0,12586.0,1400.0,11186.0,9340.0,26136.0,769.0,25367.0,13647.0
2025-03-01,60189.0,24332.0,35857.0,47450.0,12739.0,20467.0,5222.0,10980.0,4540.0,4064.0,483.0,-7549.0,1418.0,506.0,1075.0,724.0,1272.0,1202.0,654.0,1498.0,491.0,70.0,333.0,72815.0,8717.0,64098.0,11249.0,2001.0,844.0,13570.0,5848.0,1302.0,5384.0,4882.0,3069.0,2856.0,9247.0,1086.0,8161.0,6849.0,19769.0,579.0,19190.0,10879.0
2025-02-01,43856.0,19499.0,24357.0,36349.0,7507.0,15128.0,4079.0,9113.0,4134.0,2625.0,316.0,-5074.0,1093.0,348.0,849.0,521.0,731.0,745.0,346.0,878.0,218.0,56.0,243.0,45096.0,5242.0,39854.0,7377.0,1122.0,507.0,8540.0,3512.0,795.0,3427.0,2974.0,1916.0,1568.0,6381.0,808.0,5573.0,4744.0,11358.0,460.0,10898.0,6543.0
2024-12-01,219702.0,100436.0,119266.0,174972.0,44730.0,66672.0,16532.0,40887.0,14522.0,19177.0,2443.0,-19281.0,5026.0,2430.0,3427.0,2964.0,5170.0,4705.0,2425.0,4869.0,1368.0,246.0,1390.0,284612.0,40720.0,243892.0,42076.0,11505.0,3865.0,42114.0,20348.0,5489.0,21742.0,27045.0,12076.0,12877.0,62090.0,4734.0,57356.0,48699.0,101478.0,4679.0,96799.0,50812.0
2024-11-01,199010.0,89382.0,109628.0,161922.0,37088.0,61237.0,15264.0,39577.0,13177.0,17330.0,2221.0,-18035.0,4597.0,2197.0,3185.0,2732.0,4631.0,4254.0,2229.0,4574.0,1237.0,241.0,1274.0,245053.0,36000.0,209053.0,36267.0,8241.0,3135.0,38123.0,17887.0,4426.0,18306.0,22498.0,10186.0,11733.0,42348.0,3915.0,38433.0,32626.0,81038.0,3107.0,77931.0,41216.0
2024-10-01,184981.0,82482.0,102499.0,150782.0,34199.0,56619.0,14055.0,38467.0,11987.0,15777.0,2021.0,-16958.0,4230.0,2002.0,2920.0,2512.0,4273.0,3953.0,2066.0,4347.0,1136.0,235.0,1140.0,221465.0,32658.0,188807.0,32573.0,7421.0,2809.0,34931.0,16521.0,3958.0,16462.0,19967.0,9179.0,10506.0,35462.0,3563.0,31899.0,26971.0,70107.0,2716.0,67391.0,36097.0
2024-09-01,163059.0,71710.0,91349.0,131715.0,31344.0,50473.0,12661.0,32263.0,10758.0,14282.0,1835.0,-15663.0,3745.0,1811.0,2336.0,2215.0,3951.0,3118.0,1710.0,4000.0,1078.0,183.0,959.0,201779.0,28902.0,172877.0,29979.0,6672.0,2549.0,32115.0,15041.0,3610.0,15100.0,17668.0,8323.0,9265.0,30861.0,3252.0,27609.0,23287.0,60448.0,2270.0,58178.0,32674.0
2024-08-01,147776.0,65361.0,82415.0,121059.0,26717.0,45936.0,11302.0,31385.0,9685.0,12621.0,1634.0,-14461.0,3374.0,1621.0,2233.0,1998.0,3558.0,2967.0,1603.0,3632.0,963.0,176.0,832.0,173898.0,24600.0,149298.0,25654.0,5700.0,2178.0,28251.0,13087.0,3110.0,12952.0,14991.0,7226.0,8226.0,26821.0,2917.0,23904.0,20218.0,48171.0,1868.0,46303.0,27873.0
2024-07-01,135663.0,59745.0,75918.0,111240.0,24423.0,41303.0,10004.0,30702.0,8529.0,10966.0,1407.0,-12824.0,3022.0,1449.0,2120.0,1776.0,3169.0,2878.0,1562.0,3388.0,890.0,169.0,730.0,155463.0,21444.0,134019.0,23115.0,5165.0,1911.0,25454.0,11804.0,2828.0,11589.0,13350.0,6559.0,7116.0,23295.0,2386.0,20909.0,17763.0,41228.0,1282.0,39946.0,25098.0
2024-06-01,115913.0,50011.0,65902.0,94080.0,21833.0,35400.0,8834.0,25384.0,7358.0,9297.0,1185.0,-11380.0,2560.0,1253.0,1632.0,1474.0,2779.0,2337.0,1298.0,3074.0,840.0,121.0,634.0,136571.0,18267.0,118304.0,20291.0,4388.0,1655.0,22697.0,10580.0,2413.0,10472.0,11528.0,5797.0,6304.0,19915.0,2073.0,17842.0,15263.0,35599.0,872.0,34727.0,22000.0
2024-05-01,96912.0,42778.0,54134.0,80462.0,16450.0,30119.0,7607.0,22382.0,6072.0,7741.0,989.0,-9709.0,2190.0,1086.0,1505.0,1221.0,2326.0,2086.0,1120.0,2442.0,642.0,111.0,532.0,108359.0,14429.0,93930.0,16359.0,3388.0,1310.0,18583.0,8584.0,1894.0,8174.0,8270.0,4454.0,5061.0,16638.0,1764.0,14874.0,12810.0,27704.0,604.0,27100.0,17761.0
2024-04-01,80926.0,35250.0,45676.0,66938.0,13988.0,25787.0,6385.0,17898.0,5007.0,6134.0,781.0,-8101.0,1839.0,898.0,1358.0,1011.0,1918.0,1822.0,965.0,2150.0,550.0,104.0,432.0,89483.0,11268.0,78215.0,13485.0,2842.0,1076.0,15702.0,7199.0,1588.0,6886.0,6735.0,3798.0,3623.0,13484.0,1326.0,12158.0,10536.0,22198.0,440.0,21758.0,14894.0
2024-03-01,60877.0,25805.0,35072.0,49172.0,11705.0,20049.0,5111.0,11780.0,4240.0,4453.0,567.0,-6624.0,1384.0,700.0,888.0,743.0,1511.0,1051.0,619.0,1815.0,499.0,59.0,327.0,69856.0,8004.0,61852.0,10436.0,1938.0,812.0,12708.0,5735.0,1223.0,5614.0,5185.0,3126.0,2420.0,10394.0,1024.0,9370.0,8147.0,17798.0,345.0,17453.0,12227.0
2024-02-01,44585.0,20701.0,23884.0,37820.0,6765.0,14958.0,4068.0,10170.0,3262.0,2896.0,377.0,-4339.0,1074.0,516.0,726.0,528.0,933.0,678.0,329.0,1126.0,227.0,51.0,240.0,43624.0,4828.0,38796.0,6847.0,1015.0,483.0,8092.0,3500.0,787.0,3668.0,3323.0,1872.0,1310.0,7149.0,755.0,6394.0,5625.0,11223.0,264.0,10959.0,8098.0
2023-12-01,216784.0,99566.0,117218.0,181129.0,35655.0,69332.0,16118.0,41098.0,14775.0,19485.0,2591.0,-17122.0,5223.0,2681.0,3784.0,3070.0,5910.0,3994.0,2213.0,5294.0,1127.0,205.0,1351.0,274574.0,38219.0,236355.0,41242.0,10823.0,3960.0,39883.0,22393.0,5633.0,20530.0,23967.0,12206.0,11829.0,70705.0,4418.0,66287.0,57996.0,101339.0,4851.0,96488.0,55407.0
2023-11-01,200131.0,91692.0,108439.0,168420.0,31711.0,64232.0,14931.0,40429.0,13542.0,17552.0,2344.0,-16761.0,4822.0,2478.0,3623.0,2846.0,5322.0,3606.0,2028.0,4979.0,1011.0,201.0,1236.0,238462.0,33295.0,205167.0,36068.0,8193.0,3232.0,36001.0,19698.0,4520.0,17275.0,20083.0,10370.0,10882.0,51884.0,3705.0,48179.0,42031.0,83181.0,2580.0,80601.0,45211.0
2023-10-01,187494.0,85870.0,101624.0,157841.0,29653.0,59676.0,13730.0,39619.0,12474.0,15780.0,2114.0,-15425.0,4461.0,2265.0,3495.0,2622.0,4865.0,3333.0,1873.0,4737.0,927.0,199.0,1095.0,215734.0,30271.0,185463.0,32224.0,7344.0,2868.0,33223.0,18050.0,4037.0,15447.0,18031.0,9406.0,9707.0,43795.0,3417.0,40378.0,34992.0,72899.0,2097.0,70802.0,38811.0
2023-08-01,151796.0,69687.0,82109.0,127885.0,23911.0,48289.0,10841.0,33022.0,10217.0,12393.0,1679.0,-12637.0,3589.0,1793.0,2903.0,2115.0,4043.0,2470.0,1442.0,3980.0,787.0,150.0,808.0,171382.0,22546.0,148836.0,25515.0,5507.0,2206.0,27357.0,14966.0,3193.0,12163.0,14182.0,7419.0,7788.0,33974.0,2727.0,31247.0,27096.0,57218.0,1529.0,55689.0,30995.0
2023-07-01,139334.0,63849.0,75485.0,117531.0,21803.0,43578.0,9480.0,32453.0,9027.0,10775.0,1462.0,-11193.0,3222.0,1549.0,2679.0,1920.0,3555.0,2394.0,1405.0,3651.0,720.0,146.0,708.0,151623.0,19617.0,132006.0,22862.0,4976.0,1891.0,24414.0,13408.0,2781.0,10816.0,12302.0,6527.0,6723.0,28596.0,2214.0,26382.0,22875.0,49147.0,896.0,48251.0,27551.0
2023-06-01,119203.0,53884.0,65319.0,99661.0,19542.0,37503.0,8272.0,26859.0,7800.0,9234.0,1251.0,-9948.0,2744.0,1324.0,2115.0,1657.0,3121.0,1946.0,1169.0,3213.0,685.0,102.0,613.0,133893.0,16666.0,117227.0,20164.0,4452.0,1644.0,21791.0,12040.0,2425.0,9696.0,10764.0,5884.0,5919.0,23506.0,1912.0,21594.0,18687.0,43222.0,749.0,42473.0,24236.0
2023-05-01,99692.0,45851.0,53841.0,84774.0,14918.0,32089.0,7098.0,22759.0,6461.0,7626.0,1034.0,-8014.0,2365.0,1087.0,1848.0,1421.0,2547.0,1737.0,994.0,2579.0,529.0,99.0,515.0,104821.0,13092.0,91729.0,15984.0,3342.0,1257.0,17780.0,9490.0,1875.0,7465.0,7365.0,4498.0,4718.0,18657.0,1606.0,17051.0,14893.0,34343.0,503.0,33840.0,19160.0
2023-04-01,83171.0,37561.0,45610.0,70379.0,12792.0,27923.0,5893.0,17745.0,5384.0,6073.0,823.0,-6822.0,1991.0,846.0,1637.0,1205.0,2064.0,1529.0,861.0,2252.0,458.0,97.0,421.0,86418.0,10196.0,76222.0,13084.0,2743.0,1024.0,15120.0,7941.0,1576.0,6178.0,5957.0,3899.0,3391.0,14601.0,1194.0,13407.0,11761.0,27928.0,329.0,27599.0,16106.0
2023-03-01,62341.0,27603.0,34738.0,51707.0,10634.0,21577.0,4645.0,11668.0,4440.0,4579.0,620.0,-5531.0,1493.0,633.0,1060.0,905.0,1614.0,869.0,551.0,1801.0,411.0,53.0,320.0,67915.0,7240.0,60675.0,10178.0,2021.0,777.0,12256.0,6420.0,1263.0,5006.0,4571.0,3247.0,2309.0,10825.0,905.0,9920.0,8728.0,21066.0,250.0,20816.0,12800.0
2023-02-01,45642.0,21750.0,23892.0,39412.0,6230.0,15787.0,3568.0,10167.0,3881.0,2933.0,401.0,-3501.0,1127.0,397.0,781.0,642.0,875.0,558.0,296.0,1051.0,171.0,49.0,229.0,40898.0,4236.0,36662.0,6358.0,923.0,452.0,7805.0,3942.0,753.0,3067.0,2653.0,1798.0,1247.0,6965.0,642.0,6323.0,5627.0,12493.0,171.0,12322.0,7848.0
2022-12-01,203703.0,94885.0,108818.0,166614.0,37089.0,48717.0,16699.0,43690.0,14923.0,19995.0,2860.0,-16258.0,5075.0,2398.0,4390.0,3389.0,5794.0,3590.0,2226.0,6349.0,1257.0,211.0,1309.0,260609.0,35570.0,225039.0,39455.0,10023.0,3905.0,36603.0,22542.0,5396.0,19415.0,22490.0,12025.0,11358.0,77879.0,4124.0,73755.0,66854.0,110583.0,5544.0,105039.0,63736.0
2022-11-01,185518.0,85760.0,99758.0,152826.0,32692.0,43530.0,15571.0,43008.0,13604.0,18499.0,2623.0,-17124.0,4686.0,2218.0,4124.0,3169.0,5209.0,3262.0,2035.0,5864.0,1145.0,206.0,1196.0,227255.0,31483.0,195772.0,34127.0,7852.0,3133.0,33029.0,19431.0,4353.0,17033.0,18975.0,10377.0,10325.0,60161.0,3854.0,56307.0,51174.0,95961.0,4144.0,,53606.0
2022-10-01,173397.0,80005.0,93392.0,142579.0,30818.0,39324.0,14418.0,42271.0,12540.0,16783.0,2375.0,-16040.0,4335.0,2074.0,3889.0,2961.0,4760.0,3027.0,1901.0,5588.0,1089.0,201.0,1083.0,206334.0,28341.0,177993.0,30693.0,7025.0,2809.0,30572.0,17538.0,3916.0,15424.0,17223.0,9516.0,9325.0,52166.0,3629.0,48537.0,44027.0,85845.0,3936.0,,47033.0
2022-09-01,153151.0,69934.0,83217.0,124365.0,28786.0,33347.0,13108.0,36409.0,11360.0,15251.0,2161.0,-14875.0,3864.0,1929.0,3411.0,2682.0,4395.0,2417.0,1596.0,5166.0,1056.0,158.0,931.0,190389.0,25014.0,165375.0,28423.0,6516.0,2577.0,28470.0,16253.0,3630.0,14362.0,15940.0,8893.0,8216.0,45898.0,3310.0,42588.0,38507.0,80294.0,3557.0,,43617.0
2022-08-01,138043.0,63616.0,74427.0,113249.0,24794.0,28282.0,11908.0,35731.0,10230.0,13508.0,1923.0,-13497.0,3484.0,1753.0,3188.0,2460.0,3898.0,2310.0,1499.0,4677.0,952.0,153.0,791.0,165177.0,21163.0,144014.0,24404.0,5614.0,2205.0,25300.0,14148.0,3120.0,12454.0,13779.0,7835.0,7532.0,39979.0,2761.0,37218.0,33704.0,73040.0,2957.0,,38961.0
2022-07-01,124981.0,57441.0,67540.0,102667.0,22314.0,23656.0,10602.0,35047.0,9084.0,11824.0,1683.0,-12251.0,3088.0,1554.0,2922.0,2223.0,3412.0,2247.0,1463.0,4366.0,904.0,150.0,694.0,146751.0,18473.0,128278.0,21837.0,4973.0,1917.0,22757.0,12668.0,2779.0,11206.0,11985.0,7000.0,6433.0,33384.0,2157.0,31227.0,28279.0,64062.0,2719.0,,34609.0
2022-06-01,105221.0,47663.0,57558.0,85564.0,19657.0,19136.0,9547.0,28388.0,7847.0,10205.0,1447.0,-10953.0,2633.0,1374.0,2478.0,1895.0,2969.0,1874.0,1230.0,3929.0,860.0,107.0,598.0,128887.0,15630.0,113257.0,19208.0,4345.0,1666.0,20197.0,11259.0,2472.0,10006.0,10383.0,6355.0,5608.0,27968.0,1898.0,26070.0,23622.0,54826.0,2040.0,,30806.0
2022-05-01,86739.0,40534.0,46205.0,72459.0,14280.0,16586.0,8465.0,23188.0,6559.0,8538.0,1208.0,-8518.0,2281.0,1176.0,2165.0,1602.0,2341.0,1619.0,1000.0,3053.0,595.0,102.0,498.0,99059.0,12291.0,86768.0,14960.0,3076.0,1269.0,16166.0,8836.0,1921.0,7214.0,7075.0,4835.0,4413.0,21948.0,1469.0,20479.0,18613.0,39329.0,1620.0,,23566.0
2022-04-01,74293.0,34571.0,39722.0,62319.0,11974.0,17676.0,7180.0,17119.0,5514.0,6905.0,990.0,-6929.0,1981.0,978.0,1909.0,1352.0,1941.0,1268.0,772.0,2654.0,502.0,101.0,405.0,80933.0,9636.0,71297.0,12234.0,2517.0,1015.0,13706.0,7303.0,1593.0,5994.0,5515.0,3928.0,3112.0,17565.0,1110.0,16455.0,15012.0,31488.0,956.0,,19424.0
2022-03-01,62037.0,28949.0,33088.0,52452.0,9585.0,19231.0,5968.0,10673.0,4645.0,5346.0,774.0,-4971.0,1593.0,825.0,1569.0,1032.0,1581.0,706.0,465.0,2217.0,435.0,58.0,306.0,63587.0,6804.0,56783.0,9774.0,1847.0,798.0,11178.0,5720.0,1294.0,4916.0,4121.0,3259.0,1993.0,13842.0,853.0,12989.0,11958.0,24787.0,253.0,,15438.0
2022-02-01,46203.0,22771.0,23432.0,40812.0,5391.0,14847.0,4372.0,9127.0,4043.0,3741.0,550.0,-3191.0,1259.0,591.0,1137.0,726.0,911.0,574.0,320.0,1355.0,165.0,55.0,229.0,38227.0,3896.0,34331.0,6269.0,888.0,475.0,7107.0,3198.0,793.0,3047.0,2382.0,1802.0,980.0,9159.0,605.0,8554.0,7922.0,14042.0,143.0,,9311.0
2021-12-01,202539.0,91462.0,111077.0,172731.0,29808.0,63519.0,13881.0,42041.0,13993.0,17316.0,2806.0,-18158.0,5217.0,3520.0,4076.0,2288.0,7428.0,3278.0,2126.0,6896.0,1065.0,203.0,1236.0,246322.0,35050.0,211272.0,37621.0,9677.0,3986.0,33867.0,19205.0,5536.0,19450.0,22146.0,11445.0,10456.0,98024.0,4088.0,93936.0,87051.0,113661.0,3201.0,110460.0,77540.0
2021-11-01,191252.0,88392.0,102860.0,164490.0,26762.0,59003.0,13191.0,41414.0,12594.0,16308.0,2633.0,-15259.0,4829.0,3270.0,3935.0,2138.0,6837.0,2967.0,1930.0,6442.0,931.0,201.0,1126.0,213924.0,30564.0,183360.0,32215.0,7409.0,3216.0,30760.0,16854.0,4476.0,17127.0,18362.0,9787.0,9639.0,76614.0,3739.0,72875.0,67625.0,90998.0,2526.0,,63324.0
2021-10-01,181526.0,84665.0,96861.0,156508.0,25018.0,55432.0,12742.0,40852.0,11562.0,15082.0,2435.0,-13968.0,4498.0,3019.0,3800.0,1962.0,6379.0,2740.0,1789.0,6096.0,870.0,200.0,1017.0,193961.0,27293.0,166668.0,28959.0,6454.0,2849.0,28465.0,15570.0,4020.0,15507.0,16509.0,8927.0,8598.0,67459.0,3437.0,64022.0,59371.0,78155.0,2189.0,,55841.0
2021-09-01,164020.0,76526.0,87494.0,140702.0,23318.0,50103.0,12212.0,35645.0,10413.0,13701.0,2228.0,-12827.0,4034.0,2790.0,3485.0,1732.0,6028.0,2143.0,1477.0,5669.0,836.0,161.0,874.0,179293.0,24139.0,155154.0,26884.0,5718.0,2622.0,26620.0,14675.0,3690.0,14437.0,15204.0,8347.0,7661.0,61018.0,3181.0,57837.0,53634.0,71373.0,2072.0,,51409.0
2021-08-01,150088.0,70467.0,79621.0,129627.0,20461.0,45355.0,10957.0,34873.0,9397.0,12022.0,1981.0,-11419.0,3636.0,2525.0,3063.0,1517.0,5464.0,2040.0,1378.0,5189.0,733.0,159.0,758.0,155371.0,20502.0,134869.0,23157.0,4653.0,2238.0,23739.0,12986.0,3149.0,12229.0,12998.0,7043.0,7028.0,53693.0,2919.0,50774.0,47110.0,59213.0,1603.0,,44335.0
2021-07-01,137716.0,64658.0,73058.0,119112.0,18604.0,40979.0,9716.0,34168.0,8344.0,10434.0,1742.0,-10124.0,3255.0,2261.0,2630.0,1332.0,4760.0,1971.0,1334.0,4806.0,681.0,157.0,665.0,137928.0,17927.0,120001.0,20852.0,4126.0,1941.0,21566.0,11660.0,2746.0,10849.0,11044.0,6190.0,6082.0,46967.0,2366.0,44601.0,41407.0,49366.0,1244.0,,37985.0
2021-06-01,117116.0,54624.0,62492.0,100461.0,16655.0,35240.0,8695.0,27515.0,7222.0,8886.0,1497.0,-9040.0,2763.0,1982.0,2225.0,1089.0,4125.0,1599.0,1084.0,4257.0,639.0,109.0,575.0,121676.0,15216.0,106460.0,18433.0,3703.0,1686.0,19504.0,10453.0,2432.0,9732.0,9369.0,5673.0,5156.0,39078.0,1980.0,37098.0,34436.0,41699.0,972.0,,32881.0
2021-05-01,96454.0,45735.0,50719.0,83831.0,12623.0,29330.0,7676.0,22303.0,6056.0,7308.0,1232.0,-6814.0,2356.0,1654.0,1904.0,893.0,3255.0,1395.0,895.0,3371.0,428.0,105.0,484.0,93553.0,12000.0,81553.0,14413.0,2673.0,1263.0,15685.0,8165.0,1875.0,7109.0,6331.0,4364.0,4008.0,29704.0,1419.0,28285.0,26123.0,29614.0,501.0,,24759.0
2021-04-01,78008.0,36657.0,41351.0,67450.0,10558.0,24864.0,6214.0,16250.0,4948.0,5862.0,986.0,-5397.0,1977.0,1365.0,1600.0,732.0,2674.0,1124.0,713.0,2700.0,349.0,103.0,388.0,76396.0,9436.0,66960.0,11755.0,2179.0,1010.0,13128.0,6794.0,1546.0,5786.0,4895.0,3664.0,3115.0,24277.0,1161.0,23116.0,21383.0,23289.0,225.0,,20560.0
2021-03-01,57115.0,26902.0,30213.0,48723.0,8392.0,18561.0,5154.0,9719.0,3988.0,4306.0,727.0,-3787.0,1507.0,1037.0,1301.0,531.0,2038.0,551.0,393.0,2060.0,295.0,55.0,286.0,58703.0,6676.0,52027.0,9005.0,1510.0,741.0,10470.0,5387.0,1212.0,4573.0,3809.0,2939.0,1994.0,18605.0,926.0,17679.0,16467.0,17331.0,176.0,,15653.0
2021-02-01,41805.0,20458.0,21347.0,37064.0,4741.0,13995.0,3684.0,8658.0,2753.0,2802.0,482.0,-2273.0,1166.0,690.0,1004.0,378.0,1228.0,450.0,283.0,1374.0,122.0,53.0,216.0,35733.0,3832.0,31901.0,5749.0,769.0,450.0,6784.0,3074.0,705.0,2832.0,2284.0,1581.0,1125.0,12585.0,584.0,12001.0,11236.0,10977.0,46.0,,10139.0
2020-12-01,182895.0,82771.0,100124.0,154310.0,28585.0,56791.0,12028.0,36424.0,11568.0,14535.0,2564.0,-13629.0,4608.0,3531.0,3087.0,1755.0,7061.0,2842.0,2058.0,6468.0,1258.0,207.0,1153.0,245588.0,35096.0,210492.0,36337.0,9009.0,4233.0,32581.0,19201.0,6317.0,19917.0,23904.0,12195.0,9829.0,93489.0,3562.0,89927.0,84142.0,117999.0,2715.0,115284.0,76503.0
2020-11-01,169489.0,78173.0,91316.0,144227.0,25262.0,52051.0,11726.0,36085.0,10465.0,13583.0,2358.0,-12805.0,4192.0,3189.0,2906.0,1601.0,6290.0,2520.0,1854.0,5835.0,1117.0,206.0,1054.0,207846.0,29757.0,178089.0,30653.0,6998.0,3184.0,29159.0,16484.0,4819.0,17181.0,19317.0,10228.0,9038.0,72672.0,3164.0,69508.0,65126.0,95553.0,2206.0,,59845.0
2020-10-01,158533.0,73609.0,84924.0,135044.0,23489.0,48155.0,11446.0,35543.0,9545.0,12256.0,2120.0,-12260.0,3861.0,2864.0,2786.0,1464.0,5678.0,2285.0,1709.0,5409.0,1030.0,203.0,947.0,189439.0,27080.0,162359.0,27645.0,6182.0,2811.0,27396.0,15217.0,4326.0,15650.0,17566.0,9340.0,8244.0,62645.0,2919.0,59726.0,55965.0,85619.0,1920.0,,52673.0
2020-09-01,141002.0,65335.0,75667.0,118876.0,22126.0,42690.0,10876.0,30014.0,8562.0,11007.0,1899.0,-11314.0,3406.0,2557.0,2592.0,1280.0,5168.0,1817.0,1428.0,4948.0,982.0,154.0,813.0,175185.0,24542.0,150643.0,25554.0,5670.0,2537.0,25865.0,14343.0,4024.0,14610.0,15916.0,8726.0,7351.0,55207.0,2633.0,52574.0,49360.0,78218.0,1746.0,,47631.0
2020-08-01,126768.0,59259.0,67509.0,108236.0,18532.0,38086.0,9822.0,29382.0,7640.0,9552.0,1653.0,-10021.0,3046.0,2202.0,2271.0,1146.0,4403.0,1720.0,1315.0,4293.0,867.0,152.0,706.0,149925.0,21276.0,128649.0,21466.0,4696.0,2104.0,23193.0,12494.0,3421.0,12180.0,13407.0,7402.0,6537.0,47030.0,2343.0,44687.0,42017.0,63889.0,1516.0,,38947.0
2020-07-01,114725.0,53575.0,61150.0,98509.0,16216.0,34052.0,8807.0,28628.0,6725.0,8267.0,1425.0,-8974.0,2694.0,1899.0,1920.0,1023.0,3750.0,1663.0,1271.0,3785.0,806.0,150.0,618.0,133499.0,18976.0,114523.0,19133.0,4240.0,1802.0,20959.0,11307.0,3030.0,10962.0,11798.0,6584.0,5648.0,39173.0,1827.0,37346.0,35101.0,52985.0,758.0,,33584.0
2020-06-01,96176.0,44347.0,51829.0,81990.0,14186.0,28770.0,7711.0,23376.0,5782.0,6944.0,1192.0,-8152.0,2229.0,1575.0,1511.0,854.0,3108.0,1398.0,1050.0,3254.0,757.0,101.0,533.0,116411.0,16344.0,100067.0,16739.0,3754.0,1526.0,17952.0,10070.0,2661.0,9963.0,10194.0,5865.0,4505.0,31479.0,1591.0,29888.0,28129.0,45212.0,630.0,,28820.0
2020-05-01,77672.0,35998.0,41674.0,66810.0,10862.0,23662.0,6581.0,18313.0,4810.0,5663.0,970.0,-6328.0,1870.0,1260.0,1332.0,720.0,2331.0,1224.0,873.0,2490.0,499.0,99.0,442.0,90281.0,13171.0,77110.0,12857.0,2718.0,1148.0,14651.0,7800.0,1998.0,7355.0,7369.0,4823.0,3405.0,23641.0,1199.0,22442.0,21091.0,31856.0,346.0,,21166.0
2020-04-01,62133.0,28522.0,33611.0,53081.0,9052.0,19936.0,5455.0,12928.0,4028.0,4579.0,789.0,-5055.0,1548.0,964.0,1069.0,600.0,1766.0,991.0,741.0,1920.0,373.0,96.0,353.0,73596.0,10315.0,63281.0,10456.0,2131.0,920.0,12308.0,6421.0,1514.0,6096.0,5687.0,4106.0,2612.0,17770.0,868.0,16902.0,15839.0,25766.0,252.0,,16869.0
2020-03-01,45984.0,21157.0,24827.0,39029.0,6955.0,14977.0,4348.0,8625.0,3353.0,3393.0,598.0,-3651.0,1159.0,666.0,769.0,435.0,1212.0,606.0,474.0,1467.0,296.0,55.0,249.0,55284.0,7173.0,48111.0,7913.0,1298.0,652.0,9837.0,4976.0,1111.0,4770.0,4031.0,3189.0,1566.0,12577.0,696.0,11881.0,11117.0,19749.0,194.0,19555.0,12577.0
2020-02-01,35232.0,17242.0,17990.0,31175.0,4057.0,11677.0,3346.0,7647.0,2672.0,2208.0,391.0,-1951.0,922.0,451.0,607.0,318.0,684.0,523.0,352.0,980.0,119.0,53.0,178.0,32350.0,4269.0,28081.0,4949.0,603.0,373.0,6120.0,2716.0,689.0,2507.0,2222.0,1702.0,955.0,7688.0,502.0,7186.0,6725.0,12879.0,106.0,12773.0,8052.0
2019-12-01,190382.0,89305.0,101077.0,157992.0,32390.0,62346.0,12562.0,37300.0,10388.0,15812.0,2889.0,-16503.0,4821.0,3498.0,2463.0,1822.0,6213.0,2988.0,2195.0,6465.0,1390.0,221.0,1121.0,238874.0,35115.0,203759.0,34913.0,9529.0,4033.0,29580.0,16797.0,7444.0,25681.0,22420.0,11413.0,8338.0,84516.0,4040.0,80476.0,,91365.0,3113.0,,
2019-11-01,178967.0,86116.0,92851.0,149699.0,29268.0,57948.0,12394.0,36888.0,9502.0,14686.0,2638.0,-14563.0,4436.0,3201.0,2272.0,1700.0,5618.0,2672.0,1977.0,5862.0,1227.0,220.0,1021.0,206463.0,30444.0,176019.0,30156.0,7329.0,3205.0,26560.0,15074.0,5576.0,22618.0,17937.0,10389.0,7788.0,68080.0,3715.0,64365.0,,75976.0,2312.0,,
2019-10-01,167704.0,80662.0,87042.0,141514.0,26190.0,54346.0,12120.0,36350.0,8776.0,13323.0,2364.0,-13694.0,4117.0,2927.0,2157.0,1583.0,5168.0,2410.0,1819.0,5477.0,1146.0,218.0,908.0,190587.0,27577.0,163010.0,27687.0,6386.0,2859.0,25070.0,14324.0,5057.0,21436.0,16167.0,9628.0,7129.0,60206.0,3466.0,56740.0,,68647.0,2020.0,,
2019-09-01,150678.0,72045.0,78633.0,126970.0,23708.0,49336.0,11448.0,31572.0,7981.0,12148.0,2149.0,-12860.0,3696.0,2674.0,1989.0,1407.0,4800.0,1970.0,1528.0,5077.0,1098.0,168.0,790.0,178612.0,25079.0,153533.0,26054.0,6013.0,2572.0,23897.0,13788.0,4750.0,21278.0,14484.0,8953.0,6297.0,53163.0,3086.0,50077.0,,61768.0,1838.0,,
2019-08-01,137061.0,65901.0,71160.0,117134.0,19927.0,44908.0,10414.0,31030.0,7212.0,10794.0,1896.0,-11644.0,3353.0,2392.0,1780.0,1267.0,4226.0,1824.0,1409.0,4487.0,935.0,167.0,683.0,153069.0,22185.0,130884.0,21960.0,5052.0,2198.0,20907.0,11852.0,3849.0,16157.0,13053.0,8413.0,5756.0,45987.0,2813.0,43174.0,,52745.0,1615.0,,
2019-07-01,125623.0,60411.0,65212.0,108046.0,17577.0,41017.0,9414.0,30369.0,6433.0,9548.0,1649.0,-10736.0,3029.0,2142.0,1597.0,1135.0,3711.0,1755.0,1365.0,4002.0,857.0,165.0,596.0,137963.0,19608.0,118355.0,20053.0,4661.0,1903.0,19245.0,10891.0,3434.0,14803.0,11300.0,7728.0,5074.0,38691.0,2277.0,36414.0,,44446.0,1309.0,,
2019-06-01,107846.0,51589.0,56257.0,92424.0,15422.0,35570.0,8471.0,25199.0,5639.0,8291.0,1405.0,-9779.0,2606.0,1862.0,1389.0,959.0,3184.0,1477.0,1133.0,3565.0,824.0,113.0,516.0,123538.0,16890.0,106648.0,18117.0,4276.0,1604.0,17645.0,10095.0,3145.0,14232.0,9445.0,6766.0,4104.0,31781.0,1989.0,29792.0,,37150.0,874.0,,
2019-05-01,89919.0,43397.0,46522.0,78493.0,11426.0,30319.0,7422.0,21061.0,4778.0,7123.0,1175.0,-7748.0,2265.0,1535.0,1212.0,796.0,2509.0,1335.0,963.0,2683.0,520.0,111.0,433.0,93023.0,13439.0,79584.0,13471.0,3115.0,1241.0,13842.0,7253.0,2219.0,9156.0,7243.0,5784.0,3209.0,24744.0,1579.0,23165.0,,27857.0,542.0,,
2019-04-01,72651.0,34667.0,37984.0,63692.0,8959.0,26377.0,6256.0,14979.0,3963.0,5840.0,929.0,-6343.0,1955.0,1241.0,979.0,668.0,1984.0,1073.0,824.0,2081.0,427.0,109.0,351.0,75667.0,10300.0,65367.0,10906.0,2509.0,988.0,11896.0,5988.0,1670.0,7457.0,5743.0,4897.0,2548.0,19563.0,1261.0,18302.0,,22421.0,365.0,,
2019-03-01,53656.0,25338.0,28318.0,46706.0,6950.0,19601.0,5199.0,9888.0,3239.0,4458.0,694.0,-5062.0,1444.0,945.0,732.0,494.0,1514.0,643.0,541.0,1667.0,388.0,58.0,264.0,58629.0,6919.0,51710.0,8522.0,1763.0,716.0,9903.0,4750.0,1310.0,6247.0,4180.0,3820.0,1497.0,14300.0,1003.0,13297.0,,18881.0,293.0,,
2019-02-01,39104.0,19415.0,19689.0,35114.0,3990.0,14414.0,3720.0,8213.0,2326.0,2946.0,457.0,-2667.0,1121.0,671.0,464.0,364.0,806.0,508.0,392.0,1004.0,128.0,56.0,191.0,33314.0,4078.0,29236.0,5052.0,980.0,427.0,5970.0,2213.0,666.0,3136.0,2230.0,2285.0,855.0,9450.0,612.0,8838.0,8047.0,14374.0,107.0,,
2018-12-01,183352.0,85447.0,97905.0,156401.0,26951.0,61529.0,10632.0,35323.0,13872.0,16879.0,2848.0,-15913.0,4840.0,3453.0,2199.0,1630.0,5730.0,2889.0,2388.0,5642.0,1319.0,151.0,,220906.0,32708.0,188198.0,32222.0,8322.0,,27084.0,,6353.0,22700.0,20786.0,11073.0,7345.0,75405.0,4033.0,71372.0,,80562.0,3089.0,77473.0,
2018-11-01,10775.0,82167.0,90166.0,8051.0,2724.0,56672.0,10377.0,34906.0,12987.0,16094.0,2696.0,-13514.0,4452.0,3211.0,2066.0,1529.0,5263.0,2625.0,2204.0,5216.0,1159.0,150.0,907.0,16431.0,2804.0,13627.0,27748.0,6730.0,,24374.0,,4876.0,20904.0,16842.0,9770.0,6908.0,62151.0,3633.0,58518.0,,63825.0,2376.0,61449.0,
2018-10-01,15727.0,7684.0,8043.0,13464.0,2263.0,52682.0,10207.0,34434.0,12287.0,14675.0,2452.0,-12406.0,4133.0,2939.0,1920.0,1418.0,4848.0,2376.0,2045.0,4903.0,1070.0,149.0,818.0,12031.0,2341.0,9690.0,25345.0,5757.0,,22972.0,,4387.0,19264.0,15126.0,8926.0,6296.0,55399.0,3374.0,52025.0,,55979.0,2248.0,53731.0,
2018-09-01,12963.0,5919.0,7044.0,10269.0,2694.0,47356.0,9886.0,30754.0,11349.0,13220.0,2216.0,-11403.0,3694.0,2684.0,1809.0,1258.0,4517.0,1967.0,1760.0,4583.0,1026.0,99.0,711.0,22616.0,2533.0,20083.0,23760.0,5439.0,,21792.0,,4147.0,18895.0,13326.0,8250.0,5528.0,49348.0,3101.0,46247.0,,49728.0,1981.0,47747.0,
2018-08-01,11077.0,5166.0,5911.0,9508.0,1569.0,42892.0,8784.0,29963.0,10319.0,11599.0,1962.0,-9980.0,3333.0,2386.0,1668.0,1127.0,3927.0,1849.0,1638.0,4123.0,908.0,98.0,620.0,15137.0,2513.0,12624.0,20117.0,4386.0,,19184.0,,3407.0,14778.0,12023.0,7249.0,5057.0,43228.0,2781.0,40447.0,37009.0,40320.0,1362.0,,35171.0
2018-07-01,17461.0,8607.0,8854.0,16081.0,1380.0,38902.0,7773.0,29197.0,9225.0,10053.0,1714.0,-8687.0,2990.0,2082.0,1500.0,1007.0,3412.0,1774.0,1586.0,3713.0,842.0,97.0,530.0,13944.0,2541.0,11403.0,18289.0,3961.0,,17770.0,,2925.0,13313.0,10245.0,6381.0,4398.0,36680.0,2208.0,34472.0,31548.0,33223.0,915.0,32308.0,29353.0
2018-06-01,17680.0,8011.0,9669.0,14818.0,2862.0,33600.0,6869.0,23928.0,8127.0,8520.0,1454.0,-7661.0,2542.0,1807.0,1299.0,840.0,2974.0,1484.0,1309.0,3231.0,801.0,46.0,459.0,28897.0,3426.0,25471.0,16400.0,3644.0,,16482.0,,2627.0,12542.0,8355.0,5534.0,3660.0,31237.0,1922.0,29315.0,26941.0,28130.0,808.0,27322.0,24864.0
2018-05-01,17631.0,8650.0,8981.0,15912.0,1719.0,28392.0,6031.0,19319.0,6891.0,7236.0,1253.0,-6161.0,2177.0,1561.0,1150.0,697.0,2402.0,1307.0,1092.0,2490.0,544.0,46.0,383.0,17003.0,2981.0,14022.0,12053.0,2409.0,,13196.0,,1709.0,7610.0,6346.0,4359.0,2817.0,25722.0,1602.0,24120.0,22251.0,20983.0,322.0,,18838.0
2018-04-01,18473.0,9188.0,9285.0,16567.0,1906.0,23467.0,5095.0,13739.0,5735.0,5772.0,995.0,-5050.0,1805.0,1255.0,974.0,564.0,1884.0,1047.0,928.0,1898.0,437.0,44.0,308.0,14696.0,2927.0,11769.0,9565.0,1811.0,,11007.0,,1319.0,6049.0,4933.0,3679.0,2090.0,20559.0,1215.0,19344.0,17958.0,16207.0,183.0,,14621.0
2018-02-01,36553.0,18220.0,18333.0,32952.0,3601.0,12952.0,2936.0,7468.0,2841.0,2818.0,476.0,-2162.0,1041.0,682.0,615.0,288.0,821.0,502.0,428.0,959.0,118.0,,168.0,29062.0,3534.0,25528.0,4417.0,801.0,,5486.0,,458.0,2546.0,2130.0,1475.0,797.0,9671.0,583.0,9088.0,8499.0,6828.0,44.0,,6224.0
2017-12-01,172567.0,81119.0,91448.0,144360.0,28207.0,56378.0,10225.0,32111.0,11966.0,15969.0,2998.0,-13870.0,4362.0,3281.0,2206.0,1353.0,4910.0,2604.0,2360.0,4911.0,1652.0,,,203330.0,29859.0,173471.0,30259.0,7286.0,,24812.0,,5672.0,21255.0,,,6185.0,61462.0,3825.0,57637.0,52059.0,60700.0,2684.0,,51780.0
2017-11-01,11385.0,5750.0,5635.0,8779.0,2606.0,51791.0,9929.0,31946.0,11096.0,14551.0,2738.0,-12363.0,3990.0,2992.0,2090.0,1248.0,4428.0,2430.0,2202.0,4581.0,1558.0,,,16566.0,2489.0,14077.0,26625.0,5836.0,,22751.0,,4506.0,20294.0,15214.0,,5726.0,49307.0,3457.0,45850.0,41390.0,46188.0,2276.0,,39168.0
2017-10-01,16234.0,8269.0,7965.0,14192.0,2042.0,5479.0,835.0,4091.0,877.0,1233.0,228.0,-922.0,423.0,268.0,162.0,112.0,278.0,388.0,299.0,304.0,35.0,,,11122.0,2084.0,9038.0,23851.0,5136.0,,21005.0,,4083.0,18257.0,13882.0,,5242.0,43152.0,3224.0,39928.0,35959.0,40218.0,1955.0,,34074.0
2017-09-01,12714.0,5866.0,6848.0,9691.0,3023.0,42274.0,8502.0,27334.0,9373.0,11807.0,2237.0,-10441.0,3250.0,2409.0,1787.0,1031.0,3787.0,1841.0,1788.0,3997.0,1449.0,,,20246.0,2285.0,17961.0,22312.0,4660.0,,19946.0,,3813.0,17573.0,12562.0,8005.0,4733.0,38545.0,2980.0,35565.0,32031.0,36488.0,1540.0,,31046.0
2017-08-01,10652.0,5106.0,5546.0,8907.0,1745.0,3908.0,856.0,801.0,868.0,1361.0,264.0,-1042.0,320.0,291.0,175.0,111.0,414.0,75.0,58.0,322.0,60.0,,,14647.0,2289.0,12358.0,18915.0,3809.0,,17558.0,,,14050.0,11567.0,7307.0,4330.0,32867.0,2684.0,30183.0,27134.0,30268.0,1219.0,,25861.0
2017-07-01,16457.0,8509.0,7948.0,14429.0,2028.0,5032.0,843.0,4534.0,899.0,1312.0,248.0,-865.0,406.0,253.0,182.0,104.0,365.0,261.0,287.0,353.0,43.0,,,13496.0,2328.0,11168.0,17088.0,3413.0,,16127.0,,,12742.0,9821.0,6508.0,3672.0,28395.0,2427.0,25968.0,23357.0,24943.0,907.0,,21421.0
2017-06-01,17082.0,7568.0,9514.0,13720.0,3362.0,28815.0,5849.0,21210.0,6753.0,7701.0,1458.0,-7141.0,2187.0,1552.0,1197.0,699.0,2564.0,1389.0,1312.0,2920.0,1173.0,,,27016.0,3030.0,23986.0,15346.0,2905.0,,14803.0,,,11892.0,8060.0,5507.0,3075.0,22969.0,1965.0,21004.0,18836.0,20491.0,842.0,,17392.0
2017-05-01,16073.0,7951.0,8122.0,14102.0,1971.0,4042.0,871.0,5259.0,967.0,1315.0,255.0,-1131.0,304.0,264.0,177.0,115.0,429.0,233.0,153.0,489.0,145.0,,,16915.0,2724.0,14191.0,11347.0,2032.0,,11791.0,,,7164.0,5919.0,4109.0,2413.0,18512.0,1513.0,16999.0,15251.0,14391.0,400.0,,12476.0
2017-03-01,12912.0,4892.0,8020.0,9961.0,6573.0,14741.0,3140.0,7643.0,3819.0,3738.0,700.0,-3435.0,1166.0,781.0,631.0,341.0,1203.0,569.0,576.0,1422.0,547.0,,,21057.0,2364.0,18693.0,6913.0,1183.0,,8183.0,,,4622.0,2920.0,2019.0,1165.0,,,,9486.0,,,,7043.0
2017-04-01,16784.0,8213.0,8571.0,14458.0,8898.0,5084.0,968.0,4515.0,928.0,1248.0,237.0,-1143.0,383.0,236.0,214.0,112.0,401.0,397.0,315.0,413.0,70.0,,,13636.0,2674.0,10962.0,8934.0,1620.0,,9922.0,,,5534.0,4098.0,3177.0,1789.0,,,,12767.0,,,,9555.0
2017-02-01,31454.0,15267.0,16187.0,27833.0,3621.0,10592.0,2267.0,6503.0,2833.0,2319.0,433.0,-1868.0,879.0,510.0,475.0,227.0,639.0,428.0,397.0,872.0,171.0,,,24860.0,3403.0,21457.0,3945.0,539.0,,4883.0,,,2059.0,1567.0,947.0,642.0,,,,6196.0,,,,3763.0
2016-12-01,159552.0,72357.0,87195.0,130354.0,29198.0,40712.0,10217.0,28850.0,10089.0,12781.0,2603.0,-12154.0,4034.0,2674.0,2209.0,951.0,4300.0,2221.0,2256.0,4212.0,2029.0,,,187841.0,27404.0,,28056.0,6568.0,,21548.0,,,18605.0,18442.0,,4991.0,,,,37457.0,,,,38406.0
2016-11-01,11491.0,5672.0,5819.0,8554.0,2937.0,3787.0,717.0,601.0,712.0,1276.0,248.0,-951.0,302.0,260.0,177.0,99.0,400.0,170.0,153.0,313.0,157.0,,,18064.0,2192.0,15872.0,24628.0,5256.0,,19866.0,,,19504.0,14358.0,,4507.0,38850.0,3845.0,35005.0,30979.0,35994.0,2165.0,,29780.0
2016-10-01,15359.0,7963.0,7396.0,12891.0,2468.0,4882.0,915.0,3769.0,708.0,1039.0,202.0,-846.0,367.0,216.0,143.0,83.0,289.0,327.0,282.0,311.0,87.0,,,11819.0,1990.0,9829.0,21395.0,4301.0,,17801.0,,,16546.0,13310.0,,4107.0,,,,26546.0,,,,25750.0
2016-09-01,11222.0,4917.0,6305.0,8243.0,20519.0,28014.0,7953.0,24162.0,7903.0,9091.0,1887.0,-8575.0,3039.0,1912.0,1738.0,670.0,3158.0,1561.0,1620.0,3280.0,1448.0,,,19836.0,2139.0,17697.0,19684.0,3984.0,,16780.0,,,15657.0,12000.0,,3649.0,,,,23306.0,,,,23348.0
2016-08-01,9894.0,4797.0,5097.0,7680.0,2214.0,3225.0,831.0,649.0,731.0,1143.0,244.0,-877.0,259.0,222.0,192.0,68.0,359.0,66.0,68.0,285.0,103.0,,,14187.0,2165.0,12022.0,16505.0,3229.0,,14597.0,,,12396.0,10526.0,,3252.0,,,,20057.0,,,,19692.0
2016-07-01,14770.0,7750.0,7020.0,12721.0,2049.0,4193.0,810.0,4489.0,765.0,1071.0,221.0,-803.0,321.0,196.0,207.0,67.0,273.0,205.0,245.0,306.0,55.0,,,12768.0,2189.0,10579.0,14816.0,2765.0,,13191.0,,,10898.0,8879.0,,2732.0,,,,17288.0,,,,16694.0
2016-06-01,15634.0,7486.0,8148.0,12249.0,13278.0,16919.0,5463.0,18353.0,5695.0,5745.0,1204.0,-5799.0,2174.0,1264.0,1178.0,442.0,2163.0,1169.0,1149.0,2357.0,1086.0,,,22637.0,2749.0,19888.0,13098.0,2367.0,,11995.0,,,9900.0,7330.0,,2347.0,,,,14303.0,,,,14132.0
2016-05-01,15461.0,7569.0,7892.0,13252.0,2209.0,2560.0,834.0,4215.0,837.0,1044.0,216.0,-935.0,348.0,212.0,173.0,69.0,333.0,206.0,124.0,379.0,100.0,,,15461.0,2574.0,12887.0,9925.0,1614.0,,9812.0,,,6520.0,5408.0,,1731.0,,,,11694.0,,,,10295.0
2016-04-01,15523.0,6443.0,9080.0,13782.0,1741.0,2500.0,821.0,3828.0,856.0,988.0,219.0,-942.0,423.0,192.0,222.0,60.0,315.0,315.0,266.0,379.0,43.0,,,13109.0,2597.0,10512.0,7738.0,1266.0,,8203.0,,,4837.0,3970.0,,1331.0,,,,9536.0,,,,7742.0
2016-03-01,11511.0,3901.0,7610.0,9087.0,5942.0,8248.0,2987.0,6431.0,3150.0,2635.0,541.0,-3175.0,1109.0,660.0,624.0,211.0,1012.0,501.0,521.0,1127.0,493.0,,,16788.0,1903.0,14885.0,5827.0,792.0,,6655.0,,,3813.0,2643.0,,963.0,,,,7300.0,,,,5932.0
2016-02-01,27385.0,11765.0,15620.0,23867.0,3518.0,5907.0,2273.0,5516.0,2012.0,1584.0,315.0,-1843.0,818.0,444.0,450.0,136.0,587.0,337.0,341.0,693.0,178.0,,,21170.0,3147.0,18023.0,3380.0,411.0,,3879.0,,313.0,1971.0,1492.0,,551.0,,,,4553.0,,,,2976.0
2015-12-01,152217.0,69234.0,82983.0,124892.0,27325.0,31109.0,10542.0,27125.0,8618.0,12517.0,2555.0,-12867.0,,2793.0,2553.0,,3899.0,,2142.0,3832.0,2097.0,,,175768.0,25549.0,,26205.0,,,19001.0,,4814.0,15912.0,17242.0,12347.0,,42330.0,4112.0,,32547.0,42364.0,,,
2015-05-01,14355.0,7739.0,6616.0,12240.0,2116.0,2490.0,832.0,4694.0,653.0,982.0,204.0,-928.0,,,,,299.0,,144.0,317.0,160.0,,,13124.0,2697.0,10427.0,8442.0,,,8547.0,,1124.0,5155.0,5116.0,3691.0,,14143.0,,,10793.0,13004.0,,12421.0,
2015-04-01,13502.0,6285.0,7217.0,11727.0,1775.0,2348.0,821.0,3521.0,675.0,1052.0,223.0,-967.0,,,,,278.0,,267.0,270.0,73.0,,,12535.0,2307.0,10228.0,6584.0,1126.0,,6987.0,,787.0,3896.0,,3047.0,,11547.0,,,9016.0,10355.0,,9970.0,
2015-03-01,10691.0,3895.0,6796.0,8202.0,2488.0,2384.0,772.0,838.0,1019.0,947.0,199.0,-1326.0,,,,,334.0,,173.0,340.0,276.0,,,13950.0,1626.0,12324.0,4728.0,682.0,,5403.0,,591.0,2857.0,,2144.0,,8719.0,,,3897.0,7564.0,,7291.0,
2015-02-01,25717.0,11575.0,14142.0,22361.0,3355.0,5357.0,2027.0,5260.0,1646.0,1948.0,409.0,-2014.0,,552.0,274.0,,543.0,,325.0,600.0,156.0,,,18865.0,3215.0,15650.0,2915.0,340.0,,3310.0,,293.0,1603.0,,947.0,,,,,4553.0,,,,
2014-12-01,140350.0,64490.0,75860.0,119158.0,21192.0,30850.0,8907.0,24632.0,7377.0,14424.0,2843.0,-11356.0,,,667.0,,3986.0,,1993.0,3914.0,2059.0,,,151662.0,22570.0,129092.0,22906.0,5254.0,,15913.0,,,12884.0,14002.0,10371.0,,,,,42606.0,,,,
2014-11-01,9953.0,4801.0,5152.0,8097.0,1856.0,2596.0,628.0,774.0,517.0,1165.0,222.0,-766.0,,,88.0,,287.0,,127.0,262.0,156.0,,,12759.0,1493.0,11266.0,18462.0,3753.0,,14047.0,,,11135.0,11080.0,8784.0,,,,,,,,,
2014-10-01,13280.0,6663.0,6617.0,11806.0,1474.0,2717.0,867.0,3584.0,,1139.0,219.0,-839.0,,,,,243.0,,238.0,253.0,88.0,,,9910.0,1613.0,8297.0,16487.0,3352.0,,12977.0,,,10017.0,9933.0,7945.0,,,,,,,,,
2014-09-01,9953.0,4482.0,5471.0,8007.0,1946.0,2689.0,764.0,657.0,,1254.0,245.0,-1132.0,,,,,303.0,,137.0,278.0,155.0,,,14026.0,1950.0,12076.0,14912.0,2959.0,,11957.0,,2104.0,9158.0,9043.0,7289.0,,,,,31290.0,,,,
2014-08-01,9109.0,4454.0,4655.0,7287.0,1822.0,2263.0,738.0,728.0,546.0,1141.0,230.0,-856.0,,,,,300.0,,66.0,241.0,88.0,,,10204.0,1606.0,8598.0,12768.0,2544.0,,10627.0,,,8003.0,7742.0,6241.0,,,,,,,,,
2014-07-01,12662.0,6335.0,6327.0,11132.0,1530.0,2249.0,688.0,3373.0,538.0,1340.0,270.0,-762.0,,,,,286.0,,196.0,240.0,55.0,,,10256.0,1591.0,8665.0,11390.0,2300.0,,9654.0,,,7065.0,6880.0,5361.0,,,,,,,,,
2014-06-01,13461.0,5477.0,7984.0,10805.0,2656.0,2924.0,656.0,2332.0,592.0,1145.0,238.0,-1222.0,,,,,429.0,,235.0,526.0,436.0,,,16522.0,2017.0,14505.0,9920.0,2041.0,,8625.0,,,6180.0,6047.0,4404.0,,,,,21129.0,,,,
2014-05-01,13670.0,7494.0,6176.0,12190.0,7714.0,2384.0,673.0,4973.0,558.0,1235.0,251.0,-942.0,,,,,337.0,,143.0,335.0,156.0,,,12790.0,2483.0,10307.0,7606.0,,,7210.0,,,4511.0,4569.0,3111.0,,,,,,,,,
2014-04-01,12481.0,5812.0,6669.0,,1395.0,2294.0,669.0,3286.0,556.0,1225.0,245.0,-905.0,,,,,319.0,,232.0,303.0,90.0,,,39842.0,6312.0,33530.0,5819.0,1100.0,,6025.0,,,3275.0,3484.0,1931.0,,,,,,,,,
2014-03-01,10103.0,3774.0,6329.0,,4838.0,2354.0,585.0,881.0,591.0,1171.0,232.0,-1281.0,,,,,,,,,,,,30432.0,4385.0,26047.0,4356.0,663.0,,4823.0,,,2542.0,2753.0,1497.0,,,,,10802.0,,,,
2014-02-01,24923.0,11771.0,13152.0,,2735.0,5240.0,1978.0,4781.0,1772.0,2158.0,432.0,-1497.0,,,,,621.0,,268.0,657.0,,,,17067.0,2649.0,14418.0,2547.0,,,2862.0,,255.0,1336.0,1584.0,621.0,,,,,,,,,
2013-12-01,129143.0,60174.0,68969.0,110497.0,18646.0,28803.0,8230.0,22416.0,6531.0,14003.0,2630.0,-10515.0,,2596.0,,,3844.0,,1719.0,3294.0,1808.0,,,139744.0,20472.0,119272.0,21877.0,5063.0,,14417.0,,3383.0,,,9272.0,,,,,41250.0,,,,
2013-11-01,9125.0,4285.0,4840.0,102877.0,1553.0,2486.0,586.0,577.0,458.0,1281.0,241.0,-939.0,,230.0,,,308.0,,118.0,241.0,141.0,,,114697.0,17746.0,96951.0,17136.0,,,12561.0,,2464.0,,,,,,,,,,,,
2013-10-01,12136.0,5985.0,6151.0,95305.0,1244.0,2449.0,741.0,3094.0,452.0,1209.0,222.0,-684.0,,227.0,,,268.0,,191.0,229.0,109.0,,,102040.0,16088.0,85952.0,15132.0,,,11490.0,,2065.0,,,,,,,,,,,,
2013-09-01,9362.0,4232.0,5130.0,84412.0,1531.0,2512.0,713.0,696.0,460.0,1193.0,227.0,-926.0,,223.0,,,341.0,,,260.0,,,,91532.0,14279.0,77253.0,13422.0,,,10574.0,,1738.0,,,,,,,,26836.0,,,,
2013-08-01,8588.0,4222.0,4366.0,76581.0,1439.0,2041.0,686.0,696.0,483.0,1151.0,222.0,-758.0,,203.0,,,304.0,,,224.0,,,,78676.0,12575.0,66101.0,11496.0,,,9465.0,,1437.0,,,,,,,,,,,,
2013-07-01,11849.0,6049.0,5800.0,69432.0,1677.0,1965.0,601.0,3079.0,494.0,1254.0,231.0,-740.0,,219.0,,,281.0,,,234.0,,,,69069.0,10996.0,58073.0,10216.0,,,8572.0,,1228.0,,,,,,,,,,,,
2013-06-01,12377.0,5177.0,7200.0,59261.0,9330.0,14320.0,4353.0,14963.0,3631.0,6383.0,1212.0,-5301.0,,1237.0,,,1946.0,,,1768.0,,,,13104.0,1796.0,11308.0,8746.0,,,7606.0,,1059.0,,,,,,,,16722.0,,,,
2013-05-01,12749.0,7170.0,5579.0,48979.0,1338.0,2250.0,629.0,4588.0,503.0,1241.0,233.0,-912.0,,229.0,,,315.0,,,276.0,,,,10266.0,2144.0,8122.0,6787.0,,,6450.0,,821.0,,,,,,,,,,,,
2013-04-01,11431.0,5357.0,6074.0,10169.0,1262.0,2186.0,645.0,2972.0,495.0,1129.0,216.0,-872.0,,202.0,,,316.0,,198.0,244.0,87.0,,,9308.0,1588.0,7720.0,5304.0,,,5292.0,,630.0,,,,,,,,,,,,
2013-03-01,9608.0,3828.0,5780.0,27399.0,4635.0,6943.0,2445.0,5200.0,2084.0,2968.0,566.0,-2537.0,882.0,616.0,120.0,,917.0,,404.0,822.0,432.0,,,10932.0,1518.0,9414.0,3820.0,,,4222.0,,486.0,,,,,,,,7700.0,,,,
2012-12-01,117210.0,56133.0,61077.0,100601.0,16609.0,26416.0,7872.0,19654.0,5820.0,14796.0,2783.0,-10429.0,3126.0,2228.0,304.0,,2874.0,,1542.0,2719.0,1621.0,,,125712.0,64148.0,19004.0,21165.0,4429.0,,12542.0,,2932.0,,,8173.0,,,,,28517.0,,,,
2013-02-01,22426.0,10779.0,11647.0,19594.0,2832.0,4812.0,1861.0,4252.0,1356.0,1872.0,356.0,-1464.0,634.0,424.0,81.0,,487.0,,233.0,515.0,175.0,,,16105.0,2527.0,13578.0,2298.0,,,2760.0,,290.0,,,,,,,,,,,,
2012-11-01,7871.0,3672.0,4199.0,6760.0,1111.0,2205.0,542.0,491.0,409.0,1204.0,221.0,-853.0,234.0,198.0,20.0,,245.0,,101.0,207.0,121.0,,,12160.0,1495.0,10665.0,16394.0,,,11089.0,,2159.0,,,7205.0,,,,,23478.0,,,,
2012-10-01,10444.0,5119.0,5325.0,9382.0,1062.0,2180.0,690.0,2589.0,386.0,1025.0,187.0,-675.0,281.0,176.0,16.0,,196.0,,155.0,211.0,81.0,,,8617.0,1566.0,7051.0,14104.0,,,10128.0,,1833.0,,,6544.0,,,,,20093.0,,,,
2012-07-01,10672.0,5562.0,5110.0,9077.0,1595.0,1768.0,612.0,2698.0,457.0,1161.0,220.0,-666.0,251.0,182.0,23.0,,197.0,,143.0,198.0,58.0,,,9528.0,1670.0,7858.0,9326.0,,,7517.0,,1105.0,,,4452.0,,,,,13490.0,,,,
2012-09-01,8258.0,3664.0,4594.0,6784.0,1474.0,2266.0,654.0,466.0,425.0,1102.0,223.0,-1040.0,,192.0,,,253.0,,115.0,236.0,137.0,,,11679.0,1780.0,9899.0,12588.0,,,9432.0,,1599.0,,,5881.0,,,,,17936.0,,,,
2012-08-01,7863.0,3765.0,4098.0,6618.0,1245.0,1793.0,653.0,729.0,420.0,1175.0,236.0,-717.0,226.0,194.0,28.0,,258.0,,58.0,192.0,80.0,,,9020.0,1583.0,7437.0,10611.0,,,8426.0,,1318.0,,,5008.0,,,,,15579.0,,,,
2012-06-01,11040.0,4709.0,6331.0,9110.0,1930.0,2691.0,583.0,1720.0,489.0,1121.0,212.0,-1022.0,283.0,163.0,27.0,,317.0,,184.0,366.0,282.0,,,12724.0,1873.0,10851.0,7898.0,,,6590.0,,928.0,,,3692.0,,,,,11430.0,,,,
2012-05-01,12005.0,6991.0,5014.0,10536.0,1469.0,2142.0,600.0,4328.0,439.0,1271.0,243.0,-972.0,230.0,198.0,32.0,,225.0,,114.0,216.0,,,,9165.0,1707.0,7458.0,6080.0,,,5419.0,,658.0,,,2566.0,,,,,,,,,
2012-04-01,10774.0,5477.0,5297.0,9428.0,1346.0,1997.0,628.0,2920.0,433.0,1142.0,208.0,-771.0,257.0,160.0,24.0,,186.0,,170.0,187.0,,,,7885.0,1436.0,6449.0,4686.0,,,4579.0,,490.0,,,1971.0,,,,,,,,,
2012-03-01,9057.97,4036.14,5021.83,7356.47,4118.0,6602.0,2392.0,4139.0,1911.0,4162.0,780.0,-2551.0,829.0,565.0,92.0,,663.0,,376.0,610.0,401.0,,,10193.91,1529.08,8664.83,3494.0,648.0,,3773.0,,379.0,,,1543.0,,,,,,,,,
2012-02-01,20918.28,10606.36,10311.92,18501.34,2416.94,4456.16,1786.92,3408.82,1409.79,2866.5,542.15,-1594.39,584.07,365.01,47.14,,,,,,,,,13924.14,2312.9,11611.24,2039.81,419.16,,2212.79,,203.12,,,688.95,,,,,,,,,
2011-12-01,103740.0,51306.0,52434.0,89720.0,14020.0,24267.0,6936.0,16760.0,6054.0,13560.0,2559.0,,2777.0,2044.0,438.0,,2764.0,1102.0,,2063.0,1072.0,,,108930.0,56414.0,,16116.0,3806.0,,11144.0,,2618.0,,,7472.0,,,,,,,,,
2011-11-01,6457.32,3113.93,3343.39,5582.12,875.2,1897.62,482.81,324.87,322.77,1283.77,247.21,-958.5,197.57,186.93,34.8,,170.04,90.85,,120.56,,,,11396.18,1432.49,9963.69,12332.4,,,9583.67,,,,,,,,,,,,,,
2011-10-01,9188.34,4700.55,4487.79,8342.1,846.24,1996.58,582.44,2187.01,352.37,1082.98,202.51,-501.82,246.18,154.85,16.63,,154.1,,,121.72,41.42,,,8079.03,1094.45,6984.58,10668.3,,,8711.86,,,,,,,,,,,,,,
2011-09-01,7377.05,3753.67,3623.38,6412.09,964.96,2052.54,626.67,523.96,450.96,1163.63,220.7,-763.3,219.19,189.63,27.95,,212.35,,89.32,144.27,,,,10018.55,1532.88,8485.67,9490.78,2293.14,,8003.57,,,,,4870.25,,,,,,,,,
2011-08-01,7546.37,4036.84,3509.53,64880.09,9406.2,1959.9,587.62,494.77,483.54,1229.36,232.33,-812.71,,177.86,,,,,,,,,,8076.96,1297.39,6779.57,8023.74,1908.83,,7168.39,,,,,4137.69,,,,,,,,,
2011-07-01,9864.1,5228.59,4635.51,58708.04,8031.88,1754.94,548.62,2623.02,505.84,1171.31,214.87,-653.58,,156.79,,,,,,,,,,6949.92,1162.63,5787.29,7064.45,1752.52,,6465.18,,,,,3299.4,,,,,,,,,
2011-06-01,10055.76,4459.51,5596.25,50028.43,6847.39,12431.3,3760.75,11175.36,3554.78,7168.63,1350.29,-4566.83,1427.9,974.58,259.18,,1544.92,,642.95,1203.08,,,,10809.12,1826.89,8982.23,6127.94,1565.1,,5760.1,,,,,2561.17,,,,,,,,,
2011-05-01,10612.26,6186.38,4425.88,41896.23,4923.83,1952.29,562.0,3331.32,502.06,1173.04,215.78,-677.15,,172.13,,,,,,,,,,8268.0,1479.45,6788.55,4707.81,,,4792.54,,,,,,,,,,,,,,
2011-04-01,10082.06,5214.08,4867.98,32631.52,3576.28,1826.82,561.26,2848.24,502.11,1169.2,207.17,-645.69,,174.34,,,,,,,,,,7304.45,1687.49,5616.96,3567.97,832.89,,3889.06,,,,,,,,,,,,,,
2011-03-01,7631.35,3532.68,4098.67,23438.85,2686.89,6265.0,2079.0,3434.0,2038.0,3684.0,712.0,-2326.0,726.0,463.0,132.0,,768.0,,281.0,584.0,,,,7570.0,1282.36,6287.64,2593.0,489.0,,2832.0,,,,,,,,,,,,,,
