Date,货币当局资产负债表,BalanceSheetOfMonetaryAuthority,报表项目Items,国外资产ForeignAssets,外汇ForeignExchange,货币黄金MonetaryGold,其他国外资产OtherForeignAssets,对政府债权ClaimsOnGovernment,其中：中央政府OfWhich:CentralGovernment,对其他存款性公司债权ClaimsOnOtherDepositoryCorporations,对其他金融性公司债权ClaimsOnOtherFinancialCorporations,对非金融性公司债权ClaimsOnNon-FinancialCorporations,其他资产OtherAssets,总资产TotalAssets,储备货币ReserveMoney,货币发行CurrencyIssue,金融性公司存款DepositOfFinancialCorporations,其他存款性公司OtherDepositoryCorporations,其他金融性公司OtherFinancialCorporations,非金融性公司存款DepositsOfNon-FinancialCorporations,活期存款DemandDeposits,发行债券BondIssue,国外负债ForeignLiabilities,政府存款DepositsOfGovernment,自有资金OwnCapital,其他负债OtherLiabilities,总负债TotalLiabilities,金融性公司存款DepositsOfFinancialCorporations,不计入储备货币的金融性公司存款DepositsOfFinancialCorporationsExcludedFromReserveMoney,注：自2008年起，本表增设报表项目“不计入储备货币的金融性公司存款”，删除原报表项目“非金融性公司存款”及其子项“活期存款”。,对非金融性部门债权ClaimsOnNon-FinancialSector,其他存款性公司存款DepositsOfOtherDepositoryCorporations,注：1.自2011年1月起，人民银行采用国际货币基金组织关于储备货币的定义，不再将其他金融性公司在货币当局的存款计入储备货币。,2.自2011年1月起，境外金融机构在人民银行存款数据计入国外负债项目，不再计入其他存款性公司存款。,项目Item,不计入储备货币的金融性公司存款DepositsOfFinancialCorporationsExcludedFromReserveMone,不计入储备货币的金融性公司存款DepositsOfFinancialCorporationsExcludedFromR,非金融机构存款DepositsOfNon-FinancialInstitutions,不计入储备货币的金融性公司存款DepositsOfFinancialCorporationsExcludedFromReserveM
2006-01-01,货币当局资产负债表,Balance Sheet of Monetary Authority,2006.01,66269.40,65062.06,337.24,870.10,2892.43,2892.43,9080.89,18394.35,66.73,11558.50,108262.30,67950.71,32751.23,35063.20,34942.63,120.57,136.28,136.28,20421.12,683.67,8556.98,219.75,10430.07,108262.30,,,,,,,,,,,,
2006-02-01,货币当局资产负债表,Balance Sheet of Monetary Authority,2006.02,67214.75,65999.54,337.24,877.97,2891.88,2891.88,7871.79,18403.55,66.73,11551.88,108000.58,63514.64,26593.45,36783.44,36649.13,134.31,137.75,137.75,23831.17,699.28,9000.20,219.75,10735.54,108000.58,,,,,,,,,,,,
2006-03-01,货币当局资产负债表,Balance Sheet of Monetary Authority,2006.03,68440.01,67230.32,337.24,872.45,2891.88,2891.88,7808.61,18942.83,66.67,11608.01,109758.01,62551.31,25501.60,36912.72,36802.62,110.10,136.99,136.99,27556.82,692.67,9684.13,219.75,9053.33,109758.01,,,,,,,,,,,,
2006-04-01,货币当局资产负债表,Balance Sheet of Monetary Authority,2006.04,69110.69,67896.47,337.24,876.98,2891.88,2891.88,7125.85,19564.69,66.67,11608.17,110367.95,61046.38,26165.81,34729.27,34621.52,107.75,151.30,151.30,27636.95,705.95,11780.44,219.75,8978.48,110367.95,,,,,,,,,,,,
2006-05-01,货币当局资产负债表,Balance Sheet of Monetary Authority,2006.05,70662.90,69430.23,337.24,895.43,2891.88,2891.88,6959.06,20206.84,66.67,11590.57,112377.92,61140.65,25358.14,35630.06,35514.74,115.32,152.45,152.45,27773.62,720.24,13031.85,219.75,9491.81,112377.92,,,,,,,,,,,,
2006-06-01,货币当局资产负债表,Balance Sheet of Monetary Authority,2006.06,73446.28,72216.34,337.24,892.70,2875.51,2875.51,6937.90,19097.34,66.44,13482.30,115905.77,63096.19,25452.68,37456.72,37327.87,128.85,186.79,186.79,28642.89,717.94,12047.22,219.75,11181.78,115905.77,,,,,,,,,,,,
2006-07-01,货币当局资产负债表,Balance Sheet of Monetary Authority,2006.07,75388.90,74160.90,337.24,890.76,2862.46,2862.46,6942.97,19017.26,66.44,11601.07,115879.10,62615.66,25692.05,36741.11,36605.43,135.68,182.50,182.50,29770.62,715.97,14064.80,219.75,8492.30,115879.10,,,,,,,,,,,,
2006-08-01,货币当局资产负债表,Balance Sheet of Monetary Authority,2006.08,76380.83,75151.09,337.24,892.50,2862.46,2862.46,6941.00,20118.51,66.44,11604.76,117974.00,64200.49,26173.72,37832.02,37679.23,152.79,194.75,194.75,29436.11,715.92,14471.94,219.75,8929.79,117974.00,,,,,,,,,,,,
2006-09-01,货币当局资产负债表,Balance Sheet of Monetary Authority,2006.09,78201.59,76975.05,337.24,889.30,2862.46,2862.46,6920.45,20080.73,66.44,11607.94,119739.61,66187.10,28008.42,37985.46,37856.63,128.83,193.22,193.22,30297.99,715.77,14226.94,219.75,8092.06,119739.61,,,,,,,,,,,,
2006-10-01,货币当局资产负债表,Balance Sheet of Monetary Authority,2006.10,79957.69,78559.22,337.24,1061.23,2862.46,2862.46,6682.86,20858.90,66.40,11461.54,121889.85,65232.44,27012.30,37965.57,37846.31,119.26,254.57,254.57,31054.89,899.84,16285.40,219.75,8197.53,121889.85,,,,,,,,,,,,
2006-11-01,货币当局资产负债表,Balance Sheet of Monetary Authority,2006.11,81796.61,80400.07,337.24,1059.30,2856.41,2856.41,6584.29,21538.49,66.40,11464.25,124306.45,68849.71,27542.26,41033.00,40884.30,148.70,274.45,274.45,30566.21,914.60,15781.09,219.75,7975.09,124306.45,,,,,,,,,,,,
2006-12-01,货币当局资产负债表,Balance Sheet of Monetary Authority,2006.12,85772.64,84360.81,337.24,1074.59,2856.41,2856.41,6516.71,21949.75,66.34,11412.84,128574.69,77757.83,29138.70,48459.26,48223.90,235.36,159.87,159.87,29740.58,926.33,10210.65,219.75,9719.55,128574.69,,,,,,,,,,,,
,,,,,,,,,,,,,,,,,,,,,,,,,,,,,,,,,,,,,,,
2007-01-01,货币当局资产负债表,Balance Sheet of Monetary Authority,2007.01,89451.67,88044.93,337.24,1069.50,2856.41,2856.41,6484.92,21917.51,66.34,11730.92,132507.77,73380.48,30236.40,,42817.49,125.54,201.05,201.05,34337.95,926.20,12907.87,219.75,10735.52,132507.77,42943.03,,,,,,,,,,,
2007-02-01,货币当局资产负债表,Balance Sheet of Monetary Authority,2007.02,92808.54,91401.23,337.24,1070.07,2839.26,2839.26,6521.34,21930.85,66.34,11425.14,135591.47,80878.55,33977.29,,46489.14,130.00,282.12,282.12,31925.92,938.69,12722.11,219.75,8906.45,135591.47,46619.14,,,,,,,,,,,
2007-03-01,货币当局资产负债表,Balance Sheet of Monetary Authority,2007.03,95939.59,94546.42,337.24,1055.93,2839.26,2839.26,6526.55,21906.72,66.34,11829.84,139108.30,76990.09,29867.77,,46698.20,118.83,305.29,305.29,38475.16,924.11,13610.98,219.75,8888.21,139108.30,46817.03,,,,,,,,,,,
2007-04-01,货币当局资产负债表,Balance Sheet of Monetary Authority,2007.04,99059.46,97665.53,337.24,1056.69,2825.75,2825.75,6581.41,21918.68,63.73,11832.50,142281.53,76788.46,30055.85,,46328.42,129.43,274.76,274.76,39533.00,925.78,15990.09,219.75,8824.45,142281.53,46457.85,,,,,,,,,,,
2007-05-01,货币当局资产负债表,Balance Sheet of Monetary Authority,2007.05,102152.42,100750.30,337.24,1064.88,2825.75,2825.75,6624.61,21913.49,63.68,11825.11,145405.06,77858.11,28969.19,,48442.53,189.51,256.88,256.88,39438.86,938.42,18107.96,219.75,8841.96,145405.06,48632.04,,,,,,,,,,,
2007-06-01,货币当局资产负债表,Balance Sheet of Monetary Authority,2007.06,104870.78,103482.71,337.24,1050.83,2825.75,2825.75,6633.14,21861.22,63.68,11850.80,148105.37,82663.98,29240.16,,52984.32,162.72,276.78,276.78,37581.81,925.18,18360.79,219.75,8353.86,148105.37,53147.04,,,,,,,,,,,
2007-07-01,货币当局资产负债表,Balance Sheet of Monetary Authority,2007.07,108674.82,107285.27,337.24,1052.31,2825.75,2825.75,6627.71,21847.31,63.68,11841.72,151880.99,83264.14,29508.80,,53342.36,166.73,246.25,246.25,38268.26,925.04,20566.49,219.75,8637.31,151880.99,53509.09,,,,,,,,,,,
2007-08-01,货币当局资产负债表,Balance Sheet of Monetary Authority,2007.08,111215.90,108793.39,337.24,2085.27,8819.66,8819.66,6611.83,16056.81,63.68,11841.11,154608.99,83639.33,30153.82,,53045.25,170.47,269.79,269.79,40675.39,927.51,20392.34,219.75,8754.67,154608.99,53215.72,,,,,,,,,,,
2007-09-01,货币当局资产负债表,Balance Sheet of Monetary Authority,2007.09,115860.33,111776.31,337.24,3746.78,8825.32,8825.32,6612.39,16023.29,63.68,11975.88,159360.89,88212.33,31804.81,,55979.20,154.22,274.10,274.10,38945.73,931.68,20496.85,219.75,10554.55,159360.89,56133.42,,,,,,,,,,,
2007-10-01,货币当局资产负债表,Balance Sheet of Monetary Authority,2007.10,117752.33,111841.27,337.24,5573.82,8825.32,8825.32,6581.30,16005.70,63.68,11974.05,161202.38,88615.90,30692.10,,57477.91,183.10,262.79,262.79,37109.51,931.55,22727.45,219.75,11598.22,161202.38,57661.01,,,,,,,,,,,
2007-11-01,货币当局资产负债表,Balance Sheet of Monetary Authority,2007.11,122170.97,115031.21,337.24,6802.52,8825.32,8825.32,6310.42,15950.40,63.68,11979.20,165299.99,92433.16,31389.64,,60569.24,206.57,267.71,267.71,35667.62,933.08,23159.58,219.75,12886.80,165299.99,60775.81,,,,,,,,,,,
2007-12-01,货币当局资产负债表,Balance Sheet of Monetary Authority,2007.12,124825.18,115168.71,337.24,9319.23,16317.71,16317.71,7862.80,12972.34,63.59,7098.18,169139.80,101545.40,32971.58,,68094.84,321.02,157.96,157.96,34469.13,947.28,17121.10,219.75,14837.14,169139.80,68415.86,,,,,,,,,,,
,,,,,,,,,,,,,,,,,,,,,,,,,,,,,,,,,,,,,,,
2008-01-01,货币当局资产负债表,Balance Sheet of Monetary Authority,2008.01,130850.14,120743.12,337.24,9769.78,16317.71,16317.71,7075.11,12291.84,44.12,7883.95,174462.87,109477.69,40052.01,,69329.71,95.97,,,32306.69,946.86,20056.58,219.75,10929.22,174462.87,69425.68,526.08,注：自2008年起，本表增设报表项目“不计入储备货币的金融性公司存款”，删除原报表项目“非金融性公司存款”及其子项“活期存款”。,,,,,,,,,
2008-02-01,货币当局资产负债表,Balance Sheet of Monetary Authority,2008.02,133799.27,124427.70,337.24,9034.33,16317.71,16317.71,7698.33,12291.94,44.12,7910.52,178061.89,107042.77,35548.12,,71422.44,72.21,,,36877.58,946.58,20893.44,219.75,11588.17,178061.89,71494.65,493.60,注：自2008年起，本表增设报表项目“不计入储备货币的金融性公司存款”，删除原报表项目“非金融性公司存款”及其子项“活期存款”。,,,,,,,,,
2008-03-01,货币当局资产负债表,Balance Sheet of Monetary Authority,2008.03,137436.82,127126.09,337.24,9973.49,16317.71,16317.71,8037.30,12291.74,44.12,7920.10,182047.79,104224.18,33437.62,,70608.43,178.13,,,39530.84,948.55,21557.65,219.75,15074.53,182047.79,70786.56,492.29,注：自2008年起，本表增设报表项目“不计入储备货币的金融性公司存款”，删除原报表项目“非金融性公司存款”及其子项“活期存款”。,,,,,,,,,
2008-04-01,货币当局资产负债表,Balance Sheet of Monetary Authority,2008.04,142795.91,131217.94,337.24,11240.73,16317.71,16317.71,8049.58,12289.82,44.12,7944.52,187441.66,106467.04,33424.51,,72957.62,84.91,,,43018.07,925.58,24753.77,219.75,11560.71,187441.66,73042.53,496.74,注：自2008年起，本表增设报表项目“不计入储备货币的金融性公司存款”，删除原报表项目“非金融性公司存款”及其子项“活期存款”。,,,,,,,,,
2008-05-01,货币当局资产负债表,Balance Sheet of Monetary Authority,2008.05,146340.75,133518.98,337.24,12484.53,16317.71,16317.71,8078.35,12249.24,44.12,8018.29,191048.46,108619.45,32826.87,,75704.17,88.41,,,43920.33,904.16,27254.80,219.75,9613.33,191048.46,75792.58,516.64,注：自2008年起，本表增设报表项目“不计入储备货币的金融性公司存款”，删除原报表项目“非金融性公司存款”及其子项“活期存款”。,,,,,,,,,
2008-06-01,货币当局资产负债表,Balance Sheet of Monetary Authority,2008.06,149580.16,134249.44,337.24,14993.48,16279.77,16279.77,8097.51,12190.11,44.12,7913.27,194104.94,115353.05,33075.73,,82177.06,100.26,,,41801.74,904.88,27414.37,219.75,7882.37,194104.94,82277.32,528.78,,,,,,,,,,
2008-07-01,货币当局资产负债表,Balance Sheet of Monetary Authority,2008.07,152623.49,137690.05,337.24,14596.20,16279.77,16279.77,8433.95,12104.98,44.12,7986.61,197472.92,116446.80,33285.24,,83056.50,105.06,,,41717.56,892.35,29130.80,219.75,8508.80,197472.92,83161.56,556.86,,,,,,,,,,
2008-08-01,货币当局资产负债表,Balance Sheet of Monetary Authority,2008.08,154339.66,139521.46,337.24,14480.96,16279.77,16279.77,8554.10,12103.24,44.12,7943.98,199264.87,117589.81,33698.35,,83777.96,113.50,,,42278.96,892.33,28735.76,219.75,8976.27,199264.87,83891.46,571.99,,,,,,,,,,
2008-09-01,货币当局资产负债表,Balance Sheet of Monetary Authority,2008.09,157908.88,143122.88,337.24,14448.76,16233.94,16233.94,8544.44,12103.44,44.12,8089.58,202924.40,117336.06,34876.09,,82378.54,81.43,,,45911.46,892.28,27228.46,219.75,10751.43,202924.40,82459.97,584.96,,,,,,,,,,
2008-10-01,货币当局资产负债表,Balance Sheet of Monetary Authority,2008.10,159574.64,146602.17,337.24,12635.23,16233.94,16233.94,8477.19,12103.26,44.12,8019.45,204452.60,115715.30,34043.37,,81571.20,100.73,,,47429.35,894.36,29322.40,219.75,10293.20,204452.60,81671.93,578.24,,,,,,,,,,
2008-11-01,货币当局资产负债表,Balance Sheet of Monetary Authority,2008.11,159941.35,147032.37,337.24,12571.74,16233.94,16233.94,8442.71,12083.47,44.12,8054.98,204800.57,119332.71,34456.46,,84774.86,101.39,,,46527.10,733.27,27409.31,219.75,10000.40,204800.57,84876.25,578.03,,,,,,,,,,
2008-12-01,货币当局资产负债表,Balance Sheet of Monetary Authority,2008.12,162543.52,149624.26,337.24,12582.02,16195.99,16195.99,8432.50,11852.66,44.12,8027.20,207095.99,129222.33,37115.76,,91894.72,211.85,,,45779.83,732.59,16963.84,219.75,13586.45,207095.99,92106.57,591.20,,,,,,,,,,
,,,,,,,,,,,,,,,,,,,,,,,,,,,,,,,,,,,,,,,
2009-01-01,货币当局资产负债表,Balance Sheet of Monetary Authority,2009.01,163731.49,150784.95,337.24,12609.31,16195.99,16195.99,8378.06,11852.75,44.12,8052.70,208255.12,129653.44,47672.66,,81837.89,142.90,,,43521.21,771.49,17618.11,219.75,15890.62,208255.12,81980.78,580.49,,,,,,,,,,
2009-02-01,货币当局资产负债表,Balance Sheet of Monetary Authority,2009.02,165100.00,152156.59,337.24,12606.17,16195.99,16195.99,8384.18,11852.74,44.12,8039.51,209616.55,125446.91,38285.28,,87038.56,123.06,,,42238.11,771.49,17099.31,219.75,23260.04,209616.55,87161.62,580.93,,,,,,,,,,
2009-03-01,货币当局资产负债表,Balance Sheet of Monetary Authority,2009.03,166051.13,153130.79,337.24,12583.10,16195.99,16195.99,8457.45,11832.51,44.12,8061.47,210642.67,124276.66,36853.77,,87318.77,104.13,,,41295.83,750.32,15953.96,219.75,27549.65,210642.67,87422.89,596.49,,,,,,,,,,
2009-04-01,货币当局资产负债表,Balance Sheet of Monetary Authority,2009.04,168009.60,154769.11,669.84,12570.64,16195.99,16195.99,8479.29,11832.29,44.12,7713.29,212274.58,124266.38,37096.03,,87072.80,97.55,,,40795.63,756.17,17815.49,219.75,27815.35,212274.58,87170.35,605.80,,,,,,,,,,
2009-05-01,货币当局资产负债表,Balance Sheet of Monetary Authority,2009.05,170893.08,157638.26,669.84,12584.98,16195.99,16195.99,8512.79,11820.89,43.96,8556.07,216022.78,122777.91,36661.56,,86018.85,97.50,,,41415.23,724.80,22178.18,219.75,28078.94,216022.78,86116.35,627.96,,,,,,,,,,
2009-06-01,货币当局资产负债表,Balance Sheet of Monetary Authority,2009.06,171854.69,159281.11,669.84,11903.75,16073.80,16073.80,7483.52,11775.80,43.96,8553.62,215785.39,123929.74,36720.53,,87121.11,88.09,,,41208.84,723.32,24012.97,219.75,25061.40,215785.39,87209.21,629.38,,,,,,,,,,
2009-07-01,货币当局资产负债表,Balance Sheet of Monetary Authority,2009.07,173476.11,160877.98,669.84,11928.28,16073.80,16073.80,7512.98,11748.04,43.96,8471.42,217326.30,124745.86,37107.01,,87539.19,99.66,,,40460.42,746.94,27374.66,219.75,23143.97,217326.30,87638.85,634.70,,,,,,,,,,
2009-08-01,货币当局资产负债表,Balance Sheet of Monetary Authority,2009.08,174691.81,162093.25,669.84,11928.72,16064.88,16064.88,7553.54,11737.65,43.96,8473.85,218565.68,124536.07,37597.04,,86789.33,149.71,,,40081.20,746.93,28987.17,219.75,23359.14,218565.68,86939.03,635.41,,,,,,,,,,
2009-09-01,货币当局资产负债表,Balance Sheet of Monetary Authority,2009.09,179720.25,166460.89,669.84,12589.51,15676.74,15676.74,7591.72,11701.00,43.96,7817.24,222550.91,133406.64,40504.78,,92797.95,103.90,,,39915.61,746.92,27247.71,219.75,20378.54,222550.91,92901.86,635.72,,,,,,,,,,
2009-10-01,货币当局资产负债表,Balance Sheet of Monetary Authority,2009.10,182009.41,168974.86,669.84,12364.71,15676.74,15676.74,7778.70,11686.56,43.96,7796.17,224991.54,128776.33,38900.51,,89753.61,122.21,,,40563.08,746.92,30302.04,219.75,23759.51,224991.54,89875.82,623.91,,,,,,,,,,
2009-11-01,货币当局资产负债表,Balance Sheet of Monetary Authority,2009.11,183651.65,171638.58,669.84,11343.22,15676.74,15676.74,8752.40,11623.90,43.96,7858.49,227607.14,133674.46,39627.84,,93922.83,123.80,,,40447.01,758.39,30767.82,219.75,21115.73,227607.14,94046.62,623.97,,,,,,,,,,
2009-12-01,货币当局资产负债表,Balance Sheet of Monetary Authority,2009.12,185333.00,175154.59,669.84,9508.57,15661.97,15661.97,7161.92,11530.15,43.96,7804.03,227535.02,143985.00,41555.80,,102280.67,148.52,,,42064.21,761.72,21226.36,219.75,18653.20,227535.02,102429.20,624.77,,,,,,,,,,
,,,,,,,,,,,,,,,,,,,,,,,,,,,,,,,,,,,,,,,
2010-01-01,货币当局资产负债表,Balance Sheet of Monetary Authority,2010.01,188021.75,177869.14,669.84,9482.77,15661.97,15661.97,7129.50,11530.12,43.96,7827.41,230214.71,142819.58,44349.17,,98359.32,111.09,,,42380.80,746.70,25275.20,219.75,18130.91,230214.71,98470.41,641.77,,,,,,,,,,
2010-02-01,货币当局资产负债表,Balance Sheet of Monetary Authority,2010.02,189558.26,179412.38,669.84,9476.04,15625.89,15625.89,7186.46,11525.86,43.96,7823.51,231763.94,152629.41,48187.85,,104257.21,184.35,,,41403.32,746.70,22860.75,219.75,13262.19,231763.94,104441.56,641.82,,,,,,,,,,
2010-03-01,货币当局资产负债表,Balance Sheet of Monetary Authority,2010.03,192118.96,182310.84,669.84,9138.28,15625.89,15625.89,8618.22,11514.57,43.96,8169.07,236090.67,150032.84,42836.09,,107057.69,139.06,,,43442.31,746.69,23251.03,219.75,17748.46,236090.67,107196.75,649.58,,,,,,,,,,
2010-04-01,货币当局资产负债表,Balance Sheet of Monetary Authority,2010.04,195861.80,186058.10,669.84,9133.86,15621.19,15621.19,8715.65,11508.53,43.96,8169.40,239920.53,147027.84,43073.77,,103828.16,125.91,,,45610.23,741.53,26657.41,219.75,19010.63,239920.53,103954.07,653.14,,,,,,,,,,
2010-05-01,货币当局资产负债表,Balance Sheet of Monetary Authority,2010.05,196868.82,187177.63,669.84,9021.35,15621.19,15621.19,8822.75,11508.26,43.96,8431.01,241296.00,147128.24,42109.91,,104880.99,137.34,,,46058.44,719.23,30342.19,219.75,16204.56,241296.00,105018.33,623.59,,,,,,,,,,
2010-06-01,货币当局资产负债表,Balance Sheet of Monetary Authority,2010.06,198356.34,188703.99,669.84,8982.51,15621.19,15621.19,8966.50,11498.54,43.96,8445.52,242932.04,154234.48,42566.89,,111506.39,161.19,,,46975.16,719.10,31023.02,219.75,9148.14,242932.04,111667.58,612.40,,,,,,,,,,
2010-07-01,货币当局资产负债表,Balance Sheet of Monetary Authority,2010.07,200141.77,190500.79,669.84,8971.14,15621.19,15621.19,9025.71,11500.29,43.96,8436.93,244769.85,154338.06,42953.98,,111217.11,166.98,,,47491.02,701.42,33770.92,219.75,7617.23,244769.85,111384.09,631.44,,,,,,,,,,
2010-08-01,货币当局资产负债表,Balance Sheet of Monetary Authority,2010.08,202533.93,192833.34,669.84,9030.75,15583.11,15583.11,9090.85,11472.87,43.96,7398.73,246123.45,154473.80,43541.38,,110766.40,166.02,,,47179.63,716.10,34861.33,219.75,8036.39,246123.45,110932.43,636.44,,,,,,,,,,
2010-09-01,货币当局资产负债表,Balance Sheet of Monetary Authority,2010.09,204810.61,195222.49,669.84,8918.28,15551.85,15551.85,9136.40,11465.79,43.96,7675.26,248683.87,161320.34,46219.81,,114945.69,154.84,,,44005.15,715.70,32458.79,219.75,9324.50,248683.87,115100.53,639.62,,,,,,,,,,
2010-10-01,货币当局资产负债表,Balance Sheet of Monetary Authority,2010.10,210087.98,200640.26,669.84,8777.88,15551.85,15551.85,9120.95,11443.54,43.96,7440.32,253688.60,166138.28,45449.35,,120507.01,181.91,,,41671.81,701.69,34977.39,219.75,9318.36,253688.60,120688.93,661.31,,,,,,,,,,
2010-11-01,货币当局资产负债表,Balance Sheet of Monetary Authority,2010.11,212733.80,203774.39,669.84,8289.57,15421.11,15421.11,9318.35,11392.71,43.96,7543.82,256453.74,171774.25,46126.00,,125462.08,186.17,,,41887.14,718.37,33190.77,219.75,7994.10,256453.74,125648.25,669.36,,,,,,,,,,
2010-12-01,货币当局资产负债表,Balance Sheet of Monetary Authority,2010.12,215419.60,206766.71,669.84,7983.06,15421.11,15421.11,9485.70,11325.81,24.99,7597.67,259274.89,185311.08,48646.02,,136480.86,184.20,,,40497.23,720.08,24277.32,219.75,7592.23,259274.89,136665.06,657.19,,,,,,,,,,
2011-01-01,货币当局资产负债表,Balance Sheet of Monetary Authority,2011.01,219957.26,211301.39,669.84,7986.03,15421.11,15421.11,15912.63,11317.70,,6355.10,268988.79,194084.48,63789.40,,,,,,38503.12,3878.57,26459.78,219.75,4944.50,268988.79,,898.59,,24.99,130295.08,注：1.自2011年1月起，人民银行采用国际货币基金组织关于储备货币的定义，不再将其他金融性公司在货币当局的存款计入储备货币。,2.自2011年1月起，境外金融机构在人民银行存款数据计入国外负债项目，不再计入其他存款性公司存款。,,,,,
2011-02-01,货币当局资产负债表,Balance Sheet of Monetary Authority,2011.02,222399.56,213753.16,669.84,7976.56,15421.11,15421.11,10478.06,11318.01,,6408.32,266050.05,191229.92,52493.60,,,,,,34903.59,4327.78,29133.15,219.75,5174.94,266050.05,,1060.92,,24.99,138736.32,注：1.自2011年1月起，人民银行采用国际货币基金组织关于储备货币的定义，不再将其他金融性公司在货币当局的存款计入储备货币。,,,,,,
2011-03-01,货币当局资产负债表,Balance Sheet of Monetary Authority,2011.03,226277.48,217476.46,669.84,8131.18,15404.83,15404.83,9561.47,11318.75,,6230.52,268818.05,192565.38,49272.52,,,,,,31160.33,4579.94,27289.03,219.75,12025.18,268818.05,,978.43,,24.99,143292.86,注：1.自2011年1月起，人民银行采用国际货币基金组织关于储备货币的定义，不再将其他金融性公司在货币当局的存款计入储备货币。,,,,,,
2011-04-01,货币当局资产负债表,Balance Sheet of Monetary Authority,2011.04,229301.15,220472.74,669.84,8158.57,15404.83,15404.83,9502.68,11314.14,,6217.22,271765.01,193309.49,49450.60,,,,,,29624.84,5286.84,31588.08,219.75,10835.91,271765.01,,900.10,,24.99,143858.90,注：1.自2011年1月起，人民银行采用国际货币基金组织关于储备货币的定义，不再将其他金融性公司在货币当局的存款计入储备货币。,,,,,,
2011-05-01,货币当局资产负债表,Balance Sheet of Monetary Authority,2011.05,232020.69,223606.82,669.84,7744.03,15404.83,15404.83,9485.48,11255.51,,6420.62,274612.12,196186.05,48646.00,,,,,,29296.52,5284.49,34274.82,219.75,8572.34,274612.12,,778.16,,24.99,147540.05,注：1.自2011年1月起，人民银行采用国际货币基金组织关于储备货币的定义，不再将其他金融性公司在货币当局的存款计入储备货币。,,,,,,
2011-06-01,货币当局资产负债表,Balance Sheet of Monetary Authority,2011.06,234697.86,226386.73,669.84,7641.29,15404.83,15404.83,9678.04,11253.94,,7018.94,278078.61,203469.88,48815.89,,,,,,27266.12,4866.43,34542.09,219.75,6911.74,278078.61,,802.60,,24.99,154653.99,,,,,,,
2011-07-01,货币当局资产负债表,Balance Sheet of Monetary Authority,2011.07,237238.34,229159.78,669.84,7408.72,15404.83,15404.83,9638.40,11248.83,,7158.05,280713.44,202490.07,49335.11,,,,,,26234.13,4894.74,37963.93,219.75,8104.81,280713.44,,806.00,,24.99,153154.95,,,,,,,
2011-08-01,货币当局资产负债表,Balance Sheet of Monetary Authority,2011.08,239197.84,231459.72,669.84,7068.29,15399.73,15399.73,9569.22,11248.90,,7202.29,282642.97,205141.33,49959.41,,,,,,24608.56,4995.26,38799.59,219.75,8109.47,282642.97,,769.02,,24.99,155181.91,,,,,,,
2011-09-01,货币当局资产负债表,Balance Sheet of Monetary Authority,2011.09,241200.76,233853.55,669.84,6677.37,15399.73,15399.73,9556.60,11244.81,,7485.33,284912.22,212204.15,52203.22,,,,,,22451.01,4671.93,35711.77,219.75,8793.05,284912.22,,860.56,,24.99,160000.93,,,,,,,
2011-10-01,货币当局资产负债表,Balance Sheet of Monetary Authority,2011.10,240107.32,232960.15,669.84,6477.33,15399.73,15399.73,12746.40,10753.98,,6697.90,285730.32,212819.83,51058.43,,,,,,21465.41,3996.47,38789.93,219.75,7574.31,285730.32,,864.62,,24.99,161761.41,,,,,,,
2011-11-01,货币当局资产负债表,Balance Sheet of Monetary Authority,2011.11,239554.13,232699.35,669.84,6184.94,15399.73,15399.73,10409.85,10749.15,,6739.36,282877.21,216624.49,51724.16,,,,,,21442.97,3252.57,34128.48,219.75,6334.44,282877.21,,874.50,,24.99,164900.34,,,,,,,
2011-12-01,货币当局资产负债表,Balance Sheet of Monetary Authority,2011.12,237898.06,232388.73,669.84,4839.49,15399.73,15399.73,10247.54,10643.97,,6763.31,280977.60,224641.76,55850.07,,,,,,23336.66,2699.44,22733.66,219.75,6437.97,280977.60,,908.37,,24.99,168791.68,,,,,,,
2012-01-01,货币当局资产负债表,Balance Sheet of Monetary Authority,,239596.43,234139.10,669.84,4787.49,15399.73,15399.73,22525.74,10711.39,,6765.76,295024.05,237391.70,67739.73,,,,,,23227.88,2669.84,25076.57,219.75,5510.29,295024.05,,,,24.99,169651.98,,,2012.01,928.02,,,
2012-02-01,货币当局资产负债表,Balance Sheet of Monetary Authority,,240146.21,234769.61,669.84,4706.76,15399.73,15399.73,10302.27,10636.56,,6766.73,283276.49,223343.11,56359.54,,,,,,23109.24,2454.88,26811.49,219.75,6386.59,283276.49,,,,24.99,166983.56,,,2012.02,951.43,,,
2012-03-01,货币当局资产负债表,Balance Sheet of Monetary Authority,,240694.62,235799.52,669.84,4225.27,15349.06,15349.06,10551.50,10635.08,,6767.13,284022.38,226684.28,54378.61,,,,,,21439.97,1846.58,23085.18,219.75,9639.68,284022.38,,,,24.99,172305.67,,,2012.03,1106.94,,,
2012-04-01,货币当局资产负债表,Balance Sheet of Monetary Authority,,239983.29,235173.97,669.84,4139.48,15349.06,15349.06,10793.07,10629.52,,6771.80,283551.73,224365.65,54735.91,,,,,,19668.53,1935.70,27360.66,219.75,8895.30,283551.73,,,,24.99,169629.74,,,2012.04,1106.15,,,
2012-05-01,货币当局资产负债表,Balance Sheet of Monetary Authority,,239912.16,235159.32,669.84,4082.99,15349.06,15349.06,11048.23,10630.07,,6790.24,283754.74,221952.79,53507.82,,,,,,18777.97,1961.14,29539.83,219.75,10149.71,283754.74,,,,24.99,168444.97,,,2012.05,1153.54,,,
2012-06-01,货币当局资产负债表,Balance Sheet of Monetary Authority,,239978.29,235189.82,669.84,4118.63,15349.06,15349.06,13303.72,10625.33,,6789.65,286071.05,228050.85,54294.32,,,,,,18690.90,1097.06,27550.26,219.75,9279.95,286071.05,,,,24.99,173756.53,,,2012.06,1182.27,,,
2012-07-01,货币当局资产负债表,Balance Sheet of Monetary Authority,,239981.89,235221.27,669.84,4090.77,15313.69,15313.69,11820.33,10625.94,,6813.43,284580.27,225528.76,54407.42,,,,,,17927.60,1036.16,30860.63,219.75,7767.55,284580.27,,,,24.99,171121.34,,,2012.07,1239.82,,,
2012-08-01,货币当局资产负债表,Balance Sheet of Monetary Authority,,240055.72,235276.63,669.84,4109.25,15313.69,15313.69,14336.45,10240.67,,6003.44,285974.95,228487.35,55069.10,,,,,,17811.73,1028.26,31177.96,219.75,5970.72,285974.95,,,,24.99,173418.25,,,2012.08,1279.18,,,
2012-09-01,货币当局资产负债表,Balance Sheet of Monetary Authority,,240190.51,235297.01,669.84,4223.66,15313.69,15313.69,17901.80,10233.95,,5992.82,289657.75,236032.58,59177.80,,,,,,17464.18,1241.52,28149.08,219.75,5253.58,289657.75,,,,24.99,176854.78,,,2012.09,1297.06,,,
2012-10-01,货币当局资产负债表,Balance Sheet of Monetary Authority,,240105.04,235307.85,669.84,4127.35,15313.69,15313.69,20443.37,10232.60,,6184.73,292304.42,234515.97,56421.35,,,,,,16798.06,1142.48,33145.25,219.75,5196.17,292304.42,,,,24.99,178094.61,,,2012.10,1286.74,,,
2012-11-01,货币当局资产负债表,Balance Sheet of Monetary Authority,,239963.43,235203.83,669.84,4089.76,15313.69,15313.69,16548.06,10229.10,,7798.13,289877.39,234898.20,57410.47,,,,,,15812.60,1149.60,31598.55,219.75,4864.85,289877.39,,,,24.99,177487.73,,,2012.11,1333.84,,,
2012-12-01,货币当局资产负债表,Balance Sheet of Monetary Authority,,241416.90,236669.93,669.84,4077.13,15313.69,15313.69,16701.08,10038.62,,11041.91,294537.19,252345.17,60645.97,,,,,,13880.00,1464.24,20753.27,219.75,4525.91,294537.19,,,,24.99,191699.20,,,2012.12,1348.85,,,
,,,,,,,,,,,,,,,,,,,,,,,,,,,,,,,,,,,,,,,
2013-01-01,货币当局资产负债表,Balance Sheet of Monetary Authority,,248268.26,240184.99,669.84,7413.43,15313.69,15313.69,14502.65,10038.40,,9783.57,297931.57,252943.96,68818.55,,,,,,13880.00,1000.06,23966.26,219.75,4667.61,297931.57,,,,24.99,184125.41,,,2013.01,,1253.92,,
2013-02-01,货币当局资产负债表,Balance Sheet of Monetary Authority,,251277.32,243222.54,669.84,7384.94,15313.69,15313.69,13002.97,10035.10,,8521.32,298175.38,251965.27,67415.55,,,,,,13880.00,1076.51,24473.34,219.75,5294.96,298175.38,,,,24.99,184549.71,,,2013.02,,1265.55,,
2013-03-01,货币当局资产负债表,Balance Sheet of Monetary Authority,,254127.19,246103.34,669.84,7354.02,15313.69,15313.69,11374.77,10025.94,,8073.84,298940.43,253649.82,61330.87,,,,,,13880.00,1295.98,22757.24,219.75,5787.70,298940.43,,,,24.99,192318.96,,,2013.03,,1349.94,,
2013-04-01,货币当局资产负债表,Balance Sheet of Monetary Authority,,256912.77,248946.77,669.84,7296.17,15312.73,15312.73,11649.89,10023.06,,6877.40,300800.84,251510.58,60922.61,,,,,,12830.00,1267.65,27647.64,219.75,5995.45,300800.84,,,,24.99,190587.96,,,2013.04,,1329.78,,
2013-05-01,货币当局资产负债表,Balance Sheet of Monetary Authority,,257935.69,249959.64,669.84,7306.21,15312.73,15312.73,11844.24,10022.82,,7004.87,302145.34,249455.52,59636.61,,,,,,11443.38,1220.51,32338.36,219.75,6140.72,302145.34,,,,24.99,189818.91,,,2013.05,,1327.10,,
2013-06-01,货币当局资产负债表,Balance Sheet of Monetary Authority,,257853.95,249868.78,669.84,7315.33,15312.73,15312.73,16182.04,10218.54,,7148.84,306741.10,257776.47,59831.34,,,,,,10381.79,1127.07,32329.99,219.75,3589.16,306741.10,,,,24.99,197945.13,,,2013.06,,1316.87,,
2013-07-01,货币当局资产负债表,Balance Sheet of Monetary Authority,,257896.86,249887.92,669.84,7339.10,15312.73,15312.73,16106.96,10217.05,,7138.57,306697.16,254421.13,59663.68,,,,,,9549.79,1162.07,36789.04,219.75,3244.65,306697.16,,,,24.99,194757.45,,,2013.07,,1310.73,,
2013-08-01,货币当局资产负债表,Balance Sheet of Monetary Authority,,258881.69,250866.64,669.84,7345.21,15312.73,15312.73,17108.11,10217.15,,7381.23,308925.90,257316.70,60310.94,,,,,,8246.42,1425.71,37140.37,219.75,3316.49,308925.90,,,,24.99,197005.76,,,2013.08,,1260.46,,
2013-09-01,货币当局资产负债表,Balance Sheet of Monetary Authority,,261561.48,253548.68,669.84,7342.96,15312.73,15312.73,16680.77,10242.23,,7369.00,311191.20,263137.87,63041.13,,,,,,7878.00,1817.84,34480.77,219.75,2388.69,311191.20,,,,24.99,200096.74,,,2013.09,,1268.28,,
2013-10-01,货币当局资产负债表,Balance Sheet of Monetary Authority,,266047.16,258043.26,669.84,7334.06,15312.73,15312.73,15543.31,10208.17,,7380.94,314517.30,258407.14,61232.18,,,,,,7772.00,1479.11,41163.00,219.75,4156.35,314517.30,,,,24.99,197174.96,,,2013.10,,1319.94,,
2013-11-01,货币当局资产负债表,Balance Sheet of Monetary Authority,,270052.59,262036.62,669.84,7346.13,15312.73,15312.73,15501.98,10207.13,,7369.73,318469.15,260121.97,62059.05,,,,,,7762.00,1875.83,41915.69,219.75,5259.65,318469.15,,,,24.99,198062.92,,,2013.11,,1314.26,,
2013-12-01,货币当局资产负债表,Balance Sheet of Monetary Authority,,272233.53,264270.04,669.84,7293.66,15312.73,15312.73,13147.90,8907.36,,7652.04,317278.55,271023.09,64980.93,,,,,,7762.00,2088.27,28610.60,219.75,6244.57,317278.55,,,,24.99,206042.17,,,2013.12,,1330.27,,
,,,,,,,,,,,,,,,,,,,,,,,,,,,,,,,,,,,,,,,
2014-01-01,货币当局资产负债表,Balance Sheet of Monetary Authority,,277186.01,269215.34,669.84,7300.83,15312.73,15312.73,21281.18,8838.07,,8538.53,331181.51,287732.11,85752.96,,,,,,7762.00,1975.68,28424.89,219.75,3793.62,331181.51,,,,24.99,201979.15,,,2014.01,,1273.47,,
2014-02-01,货币当局资产负债表,Balance Sheet of Monetary Authority,,278403.07,270407.88,669.84,7325.35,15312.73,15312.73,13136.94,8838.03,,9303.99,325019.77,273997.48,69299.97,,,,,,7762.00,1696.70,32401.35,219.75,7618.99,325019.77,,,,24.99,204697.51,,,2014.02,,1323.50,,
2014-03-01,货币当局资产负债表,Balance Sheet of Monetary Authority,,280177.69,272149.14,669.84,7358.72,15312.73,15312.73,12384.02,8818.02,,9929.75,326647.21,274741.06,64815.75,,,,,,7762.00,1998.79,28962.81,219.75,11597.18,326647.21,,,,24.99,209925.30,,,2014.03,,1365.61,,
2014-04-01,货币当局资产负债表,Balance Sheet of Monetary Authority,,281038.76,272995.03,669.84,7373.89,15312.73,15312.73,12973.33,8809.15,,9921.30,328080.26,272963.09,64522.39,,,,,,7762.00,1462.04,34977.18,219.75,9298.02,328080.26,,,,24.99,208440.70,,,2014.04,,1398.19,,
2014-05-01,货币当局资产负债表,Balance Sheet of Monetary Authority,,281053.35,272998.64,669.84,7384.86,15312.73,15312.73,13901.51,8809.15,,9921.50,329023.22,273929.23,63694.15,,,,,,7362.00,1330.31,36029.39,219.75,8706.61,329023.22,,,,24.99,210235.09,,,2014.05,,1445.93,,
2014-06-01,货币当局资产负债表,Balance Sheet of Monetary Authority,,280169.49,272131.01,669.84,7368.65,15312.73,15312.73,14556.64,8809.15,,10825.59,329698.60,279898.66,63260.47,,,,,,7132.00,1477.31,33282.98,219.75,6171.34,329698.60,,,,24.99,216638.19,,,2014.06,,1516.55,,
2014-07-01,货币当局资产负债表,Balance Sheet of Monetary Authority,,280180.25,272128.62,669.84,7381.79,15312.73,15312.73,14933.83,8789.78,,10849.65,330091.56,276652.23,63096.17,,,,,,6932.00,1348.45,38940.21,219.75,4412.85,330091.56,,,,25.31,213556.06,,,2014.07,,1586.07,,
2014-08-01,货币当局资产负债表,Balance Sheet of Monetary Authority,,280184.03,272151.84,669.84,7362.35,15312.73,15312.73,15455.89,8787.71,,10868.54,330634.21,277957.39,63886.74,,,,,,6922.00,1398.31,39135.42,219.75,3366.82,330634.21,,,,25.32,214070.65,,,2014.08,,1634.52,,
2014-09-01,货币当局资产负债表,Balance Sheet of Monetary Authority,,280121.20,272017.91,669.84,7433.45,15312.73,15312.73,21015.29,8731.65,,11055.44,336261.61,285299.18,65544.74,,,,,,6922.00,1964.00,36787.46,219.75,3407.50,336261.61,,,,25.30,219754.43,,,2014.09,,1661.73,,
2014-10-01,货币当局资产负债表,Balance Sheet of Monetary Authority,,280021.78,272038.10,669.84,7313.83,15312.73,15312.73,24116.15,8731.65,,11077.36,339284.97,279382.16,63776.83,,,,,,6522.00,1629.25,44548.90,219.75,5360.91,339284.97,,,,25.30,215605.33,,,2014.10,,1622.01,,
2014-11-01,货币当局资产负债表,Balance Sheet of Monetary Authority,,279937.04,271970.42,669.84,7296.78,15312.73,15312.73,25022.62,8731.65,,11191.29,340220.62,280045.59,64500.85,,,,,,6522.00,1481.90,45422.42,219.75,4918.07,340220.62,,,,25.29,215544.73,,,2014.11,,1610.90,,
2014-12-01,货币当局资产负债表,Balance Sheet of Monetary Authority,,278622.85,270681.33,669.84,7271.68,15312.73,15312.73,24985.27,7848.81,,11467.50,338248.79,294093.02,67151.28,,,,,,6522.00,1833.83,31275.33,219.75,2746.51,338248.79,,,,11.62,226941.74,,,2014.12,,1558.35,,
,,,,,,,,,,,,,,,,,,,,,,,,,,,,,,,,,,,,,,,
2015-01-01,,,,278606.08678287873,270688.808611299,669.84,7247.4381715797,15312.7339875924,15312.7339875924,25789.6187787928,7848.8133537825,,11299.1289250418,338868.04681246035,288343.854008451,69461.108661,,,,,,6522,1561.6409416873,37803.0472817226,219.7520266321,2912.3736511063,338868.04681245965,,1505.3789028603999,,11.6649843721,218882.745347451,,,2015.01,,,,
2015-02-01,,,,278395.27041133674,270468.216441083,669.84,7257.2139702537,15312.7339875924,15312.7339875924,32422.4341447367,7847.1485163345,,11421.556091614799,345410.8172848526,298674.420258018,82921.957591,,,,,,6522,1447.1097012162002,32344.8274440944,219.7520266321,4562.9231370129,345410.81728485273,,1639.7847178791,,11.6741332375,215752.462667018,,,2015.02,,,,
2015-03-01,,,,276072.5626293604,268160.807276551,669.84,7241.9153528094,15312.7339875924,15312.7339875924,31478.696153707002,7847.1485163345,,11473.1001398763,342225.5461863206,295752.625601233,69078.101431,,,,,,6522,1405.319332152,29829.2121681533,219.7520266321,6767.638692532099,342225.54618632107,,1728.9983656186,,41.30475945,226674.524170233,,,2015.03,,,,
2015-04-01,,,,275616.515323123,267701.385924393,669.84,7245.289398729999,15312.7339875924,15312.7339875924,30600.4391971483,7846.3485163345,,11459.2898548147,340888.2779403979,293129.469090894,67127.360281,,,,,,6522,1703.9286465917,30667.917592552,219.7520266321,6833.3207972203,340888.2779403983,,1811.8897865082,,52.951061385,226002.108809894,,,2015.04,,,,
2015-05-01,,,,275236.8903507054,267321.890289335,669.84,7245.1600613704,15312.7339875924,15312.7339875924,30851.4154332701,7846.3485163345,,11457.136356191399,340761.46599219384,287792.061765429,65265.097661,,,,,,6522,1647.307081006,32122.4463281545,219.7520266321,10716.325018847898,340761.4659921943,,1741.5737721249,,56.9413481,222526.964104429,,,2015.05,,,,
2015-06-01,,,,276555.2234357705,267149.381842796,2094.7290455097,7311.1125474648,15312.7339875924,15312.7339875924,23263.9282273345,7696.3485163345,,14192.583019535801,337075.8258309677,288779.549698857,65111.895211,,,,,,6522,1465.5067970313,32481.2885180053,219.7520266321,5915.4349750017,337075.8258309678,,1692.2938154404,,55.0086444,223667.654487857,,,2015.06,,,,
2015-07-01,,,,273515.4608113651,264069.302149006,2135.9044729462,7310.254189412901,15312.7339875924,15312.7339875924,22366.075645891102,9696.3485163345,,14252.019007896,335197.6790053791,283173.144006886,65067.610451,,,,,,6522,1453.8519497133,36212.8084385332,219.7520266321,5906.5711802516,335197.6790053791,,1709.5514033629,,55.0410363,218105.533555886,,,2015.07,,,,
2015-08-01,,,,264970.9447672247,260885.789468434,2173.1064037535,1912.0488950372003,15312.7339875924,15312.7339875924,29801.1983925252,9696.348292412,,13547.785063441199,333386.4998272705,283866.05099388503,65583.788061,,,,,,6522,1623.6186888359998,33737.1033199749,219.7520266321,5605.010778714699,333386.49982726993,,1812.9640192272,,57.489324075,218282.262932885,,,2015.08,,,,
2015-09-01,,,,262214.21229311,258244.372076879,2207.7111658022,1762.1290504287997,15312.7339875924,15312.7339875924,25234.763830756903,9696.548292412,,13523.341647353,326038.8845119193,279677.240921463,68454.850761,,,,,,6522,1649.9272556976,31542.0109424077,219.7520266321,4584.5496586317995,326038.8845119194,,1843.4037070871998,,57.284460695,211222.390160463,,,2015.09,,,,
2015-01-01,,,,262817.134849661,258777.744983094,2240.9317124226,1798.4581541448,15312.7339875924,15312.7339875924,25988.9795609396,9696.548292412,,13437.0557453532,327313.843529134,275791.365935014,66071.597221,,,,,,6572,1855.4176114032,36485.5402208523,219.7520266321,4581.2259396519,327313.843529134,,1808.5417955805,,61.391093175,209719.768714014,,,2015.1,,,,
2015-11-01,,,,260254.38858143968,255619.716141841,2287.0877533278,2347.5846862709,15312.7339875924,15312.7339875924,27519.0415389148,9696.148292412,,13398.210693385701,326252.56637263455,271610.20835175796,66935.434801,,,,,,6572,1606.7973666257,39443.292771783,219.7520266321,4459.0997744875,326252.5663726346,,2341.4160813484,,72.04327889,204674.773550758,,,2015.11,,,,
2015-12-01,,,,253830.66828442382,248537.586721146,2329.5357059253,2963.5458573525,15312.7339875924,15312.7339875924,26626.362259013702,6656.5931878755,,15338.8707619431,317836.9681502485,276377.49133674405,69885.945661,,,,,,6572,1807.2758597966,27179.0293099985,219.7520266321,2854.9950701428006,317836.96815024805,,2826.424546934,,71.7396694,206491.545675744,,,2015.12,,,,
2016-01-01,,,,247702.8403602255,242092.210631225,2367.3461724522,3243.2835565483,15312.7339875924,15312.7339875924,52000.606996318,6656.5931878755,,15294.6016649496,337038.836463641,290411.795960801,79395.439841,,,,,,6572,2689.4379796378003,31099.7653186237,219.7520266321,2935.3841543321,337038.8364636411,,3110.7010236143997,,71.46026668,211016.356119801,,,2016.01,,,,
2016-02-01,,,,247839.9770133534,239813.382749718,2393.3838970576,5633.2103665777995,15312.7339875924,15312.7339875924,52604.8841485859,6654.5931878755,,13359.2194737524,335843.07087869965,290530.03176434,78394.410241,,,,,,6572,3578.9952795439,29504.6835648872,219.7520266321,1755.0801950158998,335843.0708786996,,3682.5280482805,,71.66306754,212135.62152334,,,2016.02,,,,
2016-03-01,,,,246545.3047686633,238365.774142781,2416.6115495224,5762.9190763599,15312.7339875924,15312.7339875924,44158.1560710751,6654.5921878755,,13473.575969809299,326216.4599621556,283376.576611607,71352.510381,,,,,,6572,3827.7525023223,27338.7676447578,219.7520266321,971.9261244232999,326216.45996215567,,3909.6850524132,,72.09697714,212024.066230607,,,2016.03,,,,
2016-04-01,,,,246256.56855195717,237821.817229519,2445.3509315858,5989.400390852401,15312.7339875924,15312.7339875924,47361.975234326695,6657.6914746773,,13427.181967013099,329088.888163129,279548.426945344,70455.900461,,,,,,6572,3506.9359162248998,34093.4804693668,219.7520266321,895.7009970278999,329088.8881631291,,4252.5918085334,,72.7369475623,209092.526484344,,,2016.04,,,,
2016-05-01,,,,246245.2253084087,237284.800198421,2445.3509315858,6515.0741784019,15312.7339875924,15312.7339875924,48585.49278392391,6657.6914746773,,13399.231035801,330274.1318251933,279211.97982771404,69038.249571,,,,,,6572,3526.5622402747003,34809.3914055065,219.7520266321,1424.6146582752003,330274.131825193,,4509.8316667905,,73.75723479,210173.730256714,,,2016.05,,,,
2016-06-01,,,,245223.5940659262,236307.53216104,2487.7347063648,6428.3271985214,15274.0919803581,15274.0919803581,57566.4853802636,6657.6914746773,,13345.557085815699,338142.15808710095,289070.817770891,69030.851881,,,,,,6572,3881.5081609395997,31797.3194441443,219.7520266321,1841.2274621864003,338142.15808710066,,4759.5332223072,,74.73810006,220039.965889891,,,2016.06,,,,
2016-07-01,,,,243667.21722447712,234402.453992763,2502.0846190849,6762.678612629201,15274.0919803581,15274.0919803581,56303.7010250238,6657.6914746773,,13336.9434772941,335313.95043964294,284118.633715293,69247.917471,,,,,,3669,3633.5555404271004,35164.4256320981,219.7520266321,3456.5305871012997,335313.9504396422,,5052.052938090599,,74.3052578125,214870.716244293,,,2016.07,,,,
2016-08-01,,,,242070.0435212227,232483.496920759,2516.2675564545,7070.279044009199,15274.0919803581,15274.0919803581,56536.77345386509,6657.6914746773,,13322.4932004687,333936.2492124819,285240.130902741,69714.119291,,,,,,1664,3538.1623482301,32908.8934137541,219.7520266321,5015.250656771699,333936.24921248236,,5350.0598643533995,,75.15558189,215526.011611741,,,2016.08,,,,
2016-09-01,,,,238943.2859727746,229108.683446916,2530.4317760372,7304.1707498214,15274.0919803581,15274.0919803581,61905.2071963057,6657.6914746773,,12098.4599412713,334950.425920342,290706.670550546,71920.477621,,,,,,764,3786.7591539907003,29920.4432232042,219.7520266321,3839.8871618322996,334950.425920342,,5712.9138041367,,71.689354955,218786.192929546,,,2016.09,,,,
2016-01-01,,,,236441.2270011142,226430.043765084,2541.4988403522,7469.684395678,15274.0919803581,15274.0919803581,72549.5111303867,6657.586444494,,11065.6254679346,342058.04335698264,290135.0876688,70642.968341,,,,,,600,3730.7881303327,37650.156945681,219.7520266321,3798.0251974714993,342058.04335698247,,5924.2333880650995,,70.001332695,219492.1193278,,,2016.1,,,,
2016-11-01,,,,232763.26466564852,222603.279343144,2541.4988403522,7618.486482152301,15274.0919803581,15274.0919803581,77293.35609288409,6657.9007742079,,7679.990578759101,339739.52109669516,291922.963785032,71303.820311,,,,,,500,3441.5282094221,36166.5648824861,219.7520266321,1242.6095436591002,339739.5210966955,,6246.1026494642,,70.9170048375,220619.143474032,,,2016.11,,,,
2016-12-01,,,,229795.76943207422,219425.262964438,2541.4988403522,7829.007627284,15274.0919803581,15274.0919803581,84739.0201757273,6324.4149630395,,7497.2596430362,343711.5857304103,308979.610148406,74884.438231,,,,,,500,3195.0727284677,25062.7032661976,219.7520266321,-730.5829359367998,343711.58573040995,,6485.0304966434,,81.029536175,234095.171917406,,,2016.12,,,,
2017-01-01,,,,225614.57548780378,217337.600128459,2541.4988403522,5735.4765189926,15274.0919803581,15274.0919803581,91346.337531668,6316.4149630395,,9636.6627927055,348267.6528946649,307810.717211742,96762.566531,,,,,,500,1235.1740722384,29971.1105284988,219.7520266321,1806.1454311126,348267.652894665,,6724.7536244411,,79.57013909,211048.150680742,,,2017.01,,,,
2017-02-01,,,,224887.8634991075,216756.414111565,2541.4988403522,5589.950547190299,15274.0919803581,15274.0919803581,88464.464228557,6316.4149630395,,10446.422910216499,345469.65933127864,302689.166360414,79362.757971,,,,,,500,1246.1473286515002,31961.996722508,219.7520266321,1995.9245184922001,345469.65933127876,,6856.672374581,,80.40175,223326.408389414,,,2017.02,,,,
2017-03-01,,,,224290.3693172407,216209.504773453,2541.4988403522,5539.3657034355,15274.0919803581,15274.0919803581,80711.2144219415,6316.4149630395,,10644.2859087394,337353.6841818417,302387.32570523897,75246.608221,,,,,,500,1099.032988516,24025.6164077393,219.7520266321,1377.7174091778,337353.6841818414,,7744.2396445373,,117.3075905225,227140.717484239,,,2017.03,,,,
2017-04-01,,,,223811.8967822421,215789.518180382,2541.4988403522,5480.8797615079,15274.0919803581,15274.0919803581,84560.9284995585,6313.4149630395,,11232.6967495638,341296.85060670454,299463.620197855,74434.107811,,,,,,500,1274.1824062760002,28764.0968538257,219.7520266321,2659.5747152856,341296.85060670396,,8415.6244068296,,103.8216319425,225029.512386855,,,2017.04,,,,
2017-05-01,,,,223430.63807269032,215496.176329106,2541.4988403522,5392.9629032321,15274.0919803581,15274.0919803581,85834.20090807929,6313.4149630395,,11533.9306711793,342485.220845049,299584.964242646,73746.177861,,,,,,500,829.5579692279,30943.5551318761,219.7520266321,1635.0934400258002,342485.2208450485,,8772.2980346406,,98.9442497025,225838.786381646,,,2017.05,,,,
2017-06-01,,,,223007.5641533063,215153.030825698,2541.4988403522,5313.0344872561,15274.0919803581,15274.0919803581,85906.571908988,6318.4149630395,,14421.8490379896,345025.6171245615,303771.56606357143,73268.675531,,,,,,,1599.3068493802002,28112.9028326745,219.7520266321,3725.2519211285003,345025.6171245621,,7596.8374311754005,,97.12508088,229662.125401603,,,2017.06,,,,
2017-07-01,,,,222787.4881443902,215106.555180378,2541.4988403522,5139.434123659999,15274.0919803581,15274.0919803581,91383.1592891607,6318.4149630395,,14750.550491267799,350610.1050910888,299098.0245157746,73259.694161,,,,,,,1152.0281140344,38442.6877357323,219.7520266321,4345.9575535591,350610.10509108857,,7351.655145356101,,96.4002228725,224936.925981229,,,2017.07,,,,
2017-08-01,,,,222577.8488020778,215098.352441562,2541.4988403522,4937.997520163601,15274.0919803581,15274.0919803581,86175.098777016,6318.4149630395,,16704.1931205991,347144.40004734043,301892.6262079001,73817.216121,,,,,,,1259.0622485740998,33119.7824859512,219.7520266321,4269.1852991177,347144.4000473401,,6383.9917791649,,94.75240425,227174.059124122,,,2017.08,,,,
2017-09-01,,,,222589.362241274,215106.848029276,2541.4988403522,4941.0153716457,15274.0919803581,15274.0919803581,89148.6767609934,6318.4149630395,,16570.7502910185,349996.560308213,306044.193862674,76626.488671,,,,,,,1025.4680957125,31095.0364713251,219.7520266321,5564.8807686761,349996.560308213,,6047.2290831931,,95.26407153,228516.417304018,,,2017.09,,,,
2017-01-01,,,,222239.606814199,215127.834223433,2541.4988403522,4570.2737504134,15274.0919803581,15274.0919803581,97454.3505864298,6318.4149630395,,17499.4316349526,358875.342431941,305318.361519339,74544.860051,,,,,,,1095.8402864298,40791.5439696549,219.7520266321,5748.3623740114,358875.342431941,,5701.4822558731,,89.446452962,229778.436283581,,,2017.1,,,,
2017-11-01,,,,221984.560630444,215151.519171243,2541.4988403522,4291.5426188485,15274.0919803581,15274.0919803581,101125.49802082,6321.4149630395,,17679.9006031431,362473.880639187,307064.543793967,74851.161861,,,,,,,1243.2559186586,41410.3610487599,219.7520266321,7115.0421177074,362473.880639187,,5420.9257334623,,88.414441382,231218.486103347,,,2017.11,,,,
2017-12-01,,,,221164.123902008,214788.332810253,2541.4988403522,3834.2922514026995,15274.0919803581,15274.0919803581,102230.35450408809,5986.6217899216,,18174.4798471602,362931.6171090699,321870.7638185698,77073.579591,,,,,,,880.0039997565,28626.0257519569,219.7520266321,6315.8448730546,362931.6171090704,,5019.226639100601,,101.945085534,243802.282507463,,,2017.12,,,,
2018-01-01,,,,220677.03,214833.15,2541.5,3302.38,15274.09,15274.09,97888.52,5986.62,,17874.92,357800.2,307499.28,81557.19,,,,,,,1024.71,38144.22,219.75,6419.66,357800.2,,4492.57,,99.03,224704.52,,,2018.01,,,1237.57,
2018-02-01,,,,220369.03,214873.66,2541.5,2953.87,15274.09,15274.09,103154.71,5949.94,,17681.82,362528.16,318288.71,91477.8,,,,,,,1005.51,32023.11,219.75,6586.02,362528.16,,4405.05,,98.57,224608.56,,,2018.02,,,2202.35,
2018-03-01,,,,220277.91,214952.04,2541.5,2784.37,15274.09,15274.09,99901.88,5949.94,,18168.93,359608.4,321350.16,79452.59,,,,,,,928.59,26373.97,219.75,6567.48,359608.4,,4168.46,,35.65,238740.05,,,2018.03,,,3157.52,
2018-04-01,,,,220101.22,215026.26,2541.5,2533.47,15274.09,15274.09,93847.46,5949.94,,17994.91,353225.27,307283.61,77626.23,,,,,,,1233.27,33433.49,219.75,7053.74,353225.27,,4001.42,,57.64,224662.34,,,2018.04,,,4995.04,
2018-05-01,,,,220168.94,215117.7,2541.5,2509.75,15274.09,15274.09,97160.5,5949.94,,17541.98,356149.44,304487.07,75912.6,,,,,,,2741.2,37393.81,219.75,7420.95,356149.44,,3886.66,,53.99,223565.24,,,2018.05,,,5009.23,
2018-06-01,,,,220183.33,215193.78,2541.5,2448.05,15274.09,15274.09,103424.01,5947.94,,17818.71,362702.44,318471.19,75657.75,,,,,,,1117.8,32041.47,219.75,7105.73,362702.44,,3746.5,,54.37,237805.08,,,2018.06,,,5008.36,
2018-07-01,,,,220129.82,215301.95,2541.5,2286.37,15274.09,15274.09,104707.06,5947.94,,17170.79,363282.97,311857.68,75506.83,,,,,,,1199.4,39241.89,219.75,7208.14,363282.97,,3556.12,,53.27,229937.54,,,2018.07,,,6413.31,
2018-08-01,,,,219951.48,215278.1,2541.5,2131.88,15274.09,15274.09,104345.1,5953.63,,17052.17,362616.86,311147.14,75744.16,,,,,,,1398.43,38843.2,219.75,7521.74,362616.86,,3486.6,,40.39,227764.54,,,2018.08,,,7638.43,
2018-09-01,,,,218810.54,214084.15,2541.5,2184.89,15274.09,15274.09,109333.36,5956.83,,16809.91,366229.75,317918.35,78117.23,,,,,,,2049.55,34794.98,219.75,7698.09,366229.75,,3549.03,,45.02,231051.12,,,2018.09,,,8749.99,
2018-01-01,,,,218009.8,213168.39,2541.5,2299.91,15250.24,15250.24,102242.86,5956.83,,16829.13,358337.97,298171.03,76487.06,,,,,,,2485.28,41704.54,219.75,12062.26,358337.97,,3695.12,,49.11,211727.06,,,2018.1,,,9956.91,
2018-11-01,,,,217580.42,212597.09,2541.5,2441.82,15250.24,15250.24,104023.8,4639.71,,17530.63,359069.94,305839.03,76425.21,,,,,,,1316.33,37646.3,219.75,10105.7,359069.94,,3742.84,,45.14,216967.35,,,2018.11,,,12446.46,
2018-12-01,,,,217648.06,212556.68,2569.79,2521.59,15250.24,15250.24,111517.46,4642.6,,23405.85,372492.06,330956.52,79145.5,,,,,,,1164.51,28224.74,219.75,7710.2,372492.06,,4016.33,,27.84,235511.22,,,2018.12,,,16299.8,
2019-01-01,,,,217763.22,212544.54,2603.83,2614.85,15250.24,15250.24,107056.45,4646.28,,18527.7,363271.82,313236.23,95776.81,,,,,,200,2050.67,35110.81,219.75,7691.69,363271.82,203473.79,,,27.92,203473.79,,,2019.01,,,13985.62,4762.67
2019-02-01,,,,217980.04,212541.24,2632.43,2806.37,15250.24,15250.24,100907.79,4657.79,,17385.99,356209.39,303569.26,87532.25,,,,,,315,1173.14,38516.63,219.75,7870.29,356209.39,202930.71,,,27.53,202930.71,,,2019.02,,,13106.3,4545.32
2019-03-01,,,,218109.66,212536.65,2663.61,2909.41,15250.24,15250.24,93667.54,4708.59,,16789.62,348552.63,303711.03,81310.67,,,,,,315,819.25,31407.14,219.75,7387.06,348552.63,209648.14,,,26.97,209648.14,,,2019.03,,,12752.22,4693.39
2019-04-01,,,,218245.39,212528.04,2705.27,3012.08,15250.24,15250.24,94096,4706.82,,16293.97,348592.42,298771.05,79782.57,,,,,,315,1276.85,36060.52,219.75,7219.03,348592.42,206201.77,,,,206201.77,,,2019.04,,,12786.71,4730.22
2019-05-01,,,,218421.8,212517.12,2750.95,3153.72,15250.24,15250.24,100015.87,4691.63,,20635.18,359014.72,304115.16,78415.47,,,,,,415,1352.41,39345.27,219.75,9233.32,359014.72,213073.63,,,,213073.63,,,2019.05,,,12626.06,4333.81
2019-06-01,,,,218521.93,212455.2,2781.97,3284.76,15250.24,15250.24,101860.31,4841.63,,23121.16,363595.27,313085.98,78236.87,,,,,,740,903.76,35682.52,219.75,8726.66,363595.27,221817.24,,,,221817.24,,,2019.06,,,13031.88,4236.6
2019-07-01,,,,218680.56,212448.12,2813.4,3419.04,15250.24,15250.24,103111.63,5041.63,,15868.8,357952.87,301260.44,78122.38,,,,,,540,966.72,41754.33,219.75,8768.46,357952.87,210260.44,,,,210260.44,,,2019.07,,,12877.63,4443.16
2019-08-01,,,,218800.16,212364.4,2834.64,3601.12,15250.24,15250.24,104771.98,5042.83,,16487.69,360352.9,300320.76,78752.58,,,,,,790,1127.73,41884.61,219.75,11191.31,360352.9,207945.06,,,,207945.06,,,2019.08,,,13623.12,4818.74
2019-09-01,,,,218767.53,212353.95,2855.63,3557.96,15250.24,15250.24,106774.83,5167.63,,16006.52,361966.76,305881.99,80217.69,,,,,,940,1105.55,38526.8,219.75,10517.43,361966.76,212229.56,,,,212229.56,,,2019.09,,,13434.74,4775.23
2019-10-01,,,,218729.03,212347.97,2855.63,3525.43,15250.24,15250.24,104373.95,5436.91,,15850.34,359640.48,298840.66,78989.82,,,,,,1000,1069.97,43657.73,219.75,10250.39,359640.48,205823.5,,,,205823.5,,,2019.10,,,14027.34,4601.97
2019-11-01,,,,218658.55,212336.16,2855.63,3466.77,15250.24,15250.24,108157.72,5534.41,,15474.43,363075.36,304007.53,79335.12,,,,,,1010,1105.79,42063.57,219.75,10019.23,363075.36,209882.96,,,,209882.96,,,2019.11,,,14789.44,4649.48
2019-12-01,,,,218638.72,212317.26,2855.63,3465.84,15250.24,15250.24,117748.86,4623.39,,14869.26,371130.48,324174.95,82859.05,,,,,,1020,841.77,32415.13,219.75,7884.49,371130.48,226023.86,,,,226023.86,,,2019.12,,,15292.04,4574.4
2020-01-01,,,,218649.84,212374.43,2855.63,3419.78,15250.24,15250.24,120824.15,4740.84,,14030.02,373495.1,321597.94,101156.76,,,,,,1020,1136.57,36788.28,219.75,8016.7,373495.1,202608.32,4715.86,,,202608.32,,,2020.01,,,17832.85,
2020-02-01,,,,218452.13,212249.09,2855.63,3347.41,15250.24,15250.24,108534.97,4741.95,,14041.97,361021.26,308676.04,96497.29,,,,,,995,934.72,37167.01,219.75,8415.11,361021.26,197359.23,4613.64,,,197359.23,,,2020.02,,,14819.52,
2020-03-01,,,,218315.78,212079.04,2855.63,3381.11,15250.24,15250.24,113014.34,4734.95,,14059.42,365374.74,317806.72,90750.94,,,,,,985,1896.22,30775.31,219.75,8675.46,365374.74,212680.93,5016.28,,,212680.93,,,2020.03,,,14374.85,
2020-04-01,,,,218310.7,211914.83,2855.63,3540.24,15250.24,15250.24,107996.43,4741.31,,14048.99,360347.67,311688.24,88073.91,,,,,,975,1185.14,32316.01,219.75,8914.45,360347.67,208740.67,5049.07,,,208740.67,,,2020.04,,,14873.67,
2020-05-01,,,,218333.25,211802.63,2855.63,3675,15250.24,15250.24,115525.4,4746.85,,14015,367870.74,308694.78,85688.28,,,,,,975,1250.98,42277.88,219.75,9494.26,367870.74,207935.31,4958.09,,,207935.31,,,2020.05,,,15071.19,
2020-06-01,,,,218332.59,211742.47,2855.63,3734.49,15250.24,15250.24,111618.6,4747.46,,13982.4,363931.3,308338.55,85413.1,,,,,,950,1198.45,38252.64,219.75,10222.08,363931.3,207202.69,4749.82,,,207202.69,,,2020.06,,,15722.76,
2020-07-01,,,,218374.92,211723.16,2855.63,3796.14,15250.24,15250.24,106614.95,4762.43,,12922.35,357924.9,297172.87,85166.78,,,,,,950,1079.54,42557.88,219.75,11068.35,357924.9,196061.37,4876.51,,,196061.37,,,2020.07,,,15944.72,
2020-08-01,,,,218361.92,211684.91,2855.63,3821.39,15250.24,15250.24,113772.74,4766.34,,12901.04,365052.29,298170,85434.74,,,,,,950,1137.83,47793.13,219.75,11750.36,365052.29,196502.18,5031.21,,,196502.18,,,2020.08,,,16233.08,
2020-09-01,,,,218213.05,211625.4,2855.63,3732.02,15250.24,15250.24,123619.62,4741.61,,12903.17,374727.69,315643.28,88063.47,,,,,,950,1080.69,39774.34,219.75,11767,374727.69,209650.34,5292.63,,,209650.34,,,2020.09,,,17929.48,
2020-10-01,,,,218185.21,211577.49,2855.63,3752.09,15250.24,15250.24,120745.14,4740.42,,12891.7,371812.72,302380.38,86357.71,,,,,,950,981.22,49894.37,219.75,12111.49,371812.72,198214.43,5275.5,,,198214.43,,,2020.10,,,17808.25,
2020-11-01,,,,218209.41,211636.8,2855.63,3716.98,15250.24,15250.24,130987.49,4754.34,,12787.85,381989.33,314518.55,86885.46,,,,,,900,1010.06,47771.7,219.75,12463.19,381989.33,210364.03,5106.09,,,210364.03,,,2020.11,,,17269.06,
2020-12-01,,,,218039.98,211308.1,2855.63,3876.25,15250.24,15250.24,133355.47,4447.14,,16582.7,387675.54,330428.14,89823.29,,,,,,900,929.67,38681.53,219.75,11634.63,387675.54,222906.08,4881.82,,,222906.08,,,2020.12,,,17698.77,
2021-01-01,,,,218073.61,211400.06,2855.63,3817.92,15250.24,15250.24,132072.17,4431.82,,19303.62,389131.46,316822.07,95834.6,,,,,,900,1059.65,53529.47,219.75,11957.07,389131.46,203006.66,4643.44,,,203006.66,,,2021.01,,,17980.81,
2021-02-01,,,,219328.8,211634.89,2855.63,4838.29,15250.24,15250.24,124384.38,4450.66,,19679.08,383093.17,321556.29,99828.72,,,,,,1000,1055.81,42405.69,219.75,11948.5,383093.17,202351.6,4907.13,,,202351.6,,,2021.02,,,19375.96,
2021-03-01,,,,219213.98,211553.27,2855.63,4805.08,15250.24,15250.24,124657.22,4427.26,,19224.06,382772.77,326956.16,92459.49,,,,,,900,1038.8,36719.33,219.75,11990.98,382772.77,216682.77,4947.74,,,216682.77,,,2021.03,,,17813.9,
2021-04-01,,,,219122.64,211727.11,2855.63,4539.9,15250.24,15250.24,124490.83,4409.74,,19042.01,382315.47,318677.99,91050.15,,,,,,900,1119.94,43754.83,219.75,12487.31,382315.47,209032.05,5155.65,,,209032.05,,,2021.04,,,18595.79,
2021-05-01,,,,219265.24,211939.84,2855.63,4469.77,15250.24,15250.24,129186.71,4351.67,,18862.92,386916.77,320697.25,89384.75,,,,,,950,1028.39,47239.93,219.75,12292.69,386916.77,213457.96,4488.76,,,213457.96,,,2021.05,,,17854.54,
2021-06-01,,,,220505.68,212130.2,2855.63,5519.85,15250.24,15250.24,130900.47,4354.48,,18886.49,389897.36,324494.14,89614.1,,,,,,900,942.49,45666.43,219.75,11955.47,389897.36,216320.68,5719.08,,,216320.68,,,2021.06,,,18559.36,
2021-07-01,,,,220409.56,212143.63,2855.63,5410.31,15250.24,15250.24,121611.82,4342.61,,18887.38,380501.62,310607.12,89677.16,,,,,,900,964.63,50061.74,219.75,12341.91,380501.62,202120.98,5406.47,,,202120.98,,,2021.07,,,18808.99,
2021-08-01,,,,223256.93,212123.55,2855.63,8277.75,15250.24,15250.24,120568.13,4341.99,,16070.19,379487.47,307438.1,90108.63,,,,,,950,1083.46,51111.3,219.75,13390.77,379487.47,198187,5294.08,,,198187,,,2021.08,,,19142.46,
2021-09-01,,,,223230.38,212145.89,2855.63,8228.87,15250.24,15250.24,132450.49,4148.68,,16893.85,391973.65,324341.24,92426.82,,,,,,950,1357.8,46143.39,219.75,13768.72,391973.65,212046.96,5192.75,,,212046.96,,,2021.09,,,19867.45,
2021-10-01,,,,223262.38,212255.05,2855.63,8151.7,15240.68,15240.68,133073.72,4151.97,,19190.6,394919.35,314962.54,91301.57,,,,,,950,1156.13,57236.26,219.75,15604.6,394919.35,203832.77,4790.07,,,203832.77,,,2021.10,,,19828.2,
2021-11-01,,,,223639,212609.4,2855.63,8173.97,15240.68,15240.68,129928.43,4128.46,,20177.69,393114.26,317810.22,92595.84,,,,,,950,1415.67,52963.28,219.75,14934.21,393114.26,205698.6,4821.12,,,205698.6,,,2021.11,,,19515.79,
2021-12-01,,,,225102.82,212867.2,2855.63,9380,15240.68,15240.68,128645.47,4125.22,,22588.05,395702.25,329487.34,96164.8,,,,,,950,998.21,42931.68,219.75,15061.88,395702.25,212392.89,6053.4,,,212392.89,,,2021.12,,,20929.64,
2022-01-01,,,,225696.18,213200.55,2855.63,9640,15240.68,15240.68,134700.09,4112.28,,23376,403125.23,331197.31,111876.69,,,,,,950,1036.28,49781.39,219.75,13899.89,403125.23,194279.92,6040.61,,,194279.92,,,2022.01,,,25040.69,
2022-02-01,,,,225836.31,213262.43,2855.63,9718.25,15240.68,15240.68,137638.35,4114.28,,23399.38,406229,328648.67,104182.46,,,,,,950,1633.74,54659.49,219.75,13199.15,406229,204313.02,6918.2,,,204313.02,,,2022.02,,,20153.2,
2022-03-01,,,,226202.31,213494.82,2855.63,9851.87,15240.68,15240.68,129348.52,4118.03,,23816.35,398725.89,335458.34,100737.77,,,,,,950,1188.03,42002.79,219.75,11816.88,398725.89,215231.7,7090.1,,,215231.7,,,2022.03,,,19488.86,
2022-04-01,,,,226267.6,213318.52,2855.63,10093.45,15240.68,15240.68,120160.2,4119.28,,23548.27,389336.03,326823.44,100856.54,,,,,,950,1186.55,43329.6,219.75,9505.35,389336.03,206134.42,7321.34,,,206134.42,,,2022.04,,,19832.48,
2022-05-01,,,,225477.56,213228.67,2855.63,9393.26,15240.68,15240.68,119480.95,1770.79,,23349.79,385319.77,325085.37,100710.16,,,,,,950,1293.58,46413.92,219.75,4910.57,385319.77,204605.98,6446.57,,,204605.98,,,2022.05,,,19769.22,
2022-06-01,,,,225365.84,213187.48,2855.63,9322.73,15240.68,15240.68,126805.26,1743.96,,23398.86,392554.6,334251.89,101228.76,,,,,,950,1312.63,45748,219.75,3630.93,392554.6,212469.45,6441.4,,,212469.45,,,2022.06,,,20553.68,
2022-07-01,,,,225614.78,213179.97,2855.63,9579.18,15240.68,15240.68,119635.4,1742.6,,23394,385627.47,324197.28,101513.24,,,,,,950,1553.83,50123.39,219.75,2557.47,385627.47,202092.89,6025.74,,,202092.89,,,2022.07,,,20591.16,
2022-08-01,,,,225575.68,213157.68,2855.63,9562.37,15240.68,15240.68,117690.14,1745.62,,24390.16,384642.28,325624.09,102295.88,,,,,,950,1537.76,47047.66,219.75,2989.46,384642.28,202148.65,6273.57,,,202148.65,,,2022.08,,,21179.56,
2022-09-01,,,,224439.67,213127.04,2855.63,8457,15240.68,15240.68,128810.82,1754.61,,27156.48,397402.27,341831.63,104051.11,,,,,,950,1465.69,43738.05,219.75,3881.28,397402.27,216253.7,5315.85,,,216253.7,,,2022.09,,,21526.82,
2022-10-01,,,,224736.66,213137.49,2855.63,8743.54,15240.68,15240.68,129059.88,1569.33,,28264.71,398871.25,332953.5,103575.52,,,,,,950,1686.47,53509.52,219.75,4588.18,398871.25,208542.63,4963.83,,,208542.63,,,2022.10,,,20835.35,
2022-11-01,,,,225813.47,213773.49,2985.1,9054.88,15240.68,15240.68,129030.57,1555.92,,29886.98,401527.62,334805.67,104835.63,,,,,,950,1718.39,52363.28,219.75,6306.62,401527.62,208722.1,5163.92,,,208722.1,,,2022.11,,,21247.93,
2022-12-01,,,,226906.56,214712.28,3106.57,9087.71,15240.68,15240.68,143132.29,1557,,29947.25,416783.78,360956.03,110012.57,,,,,,950,1574.47,41272.91,219.75,6602.21,416783.78,227876.54,5208.41,,,227876.54,,,2022.12,,,23066.92,
2023-01-01,,,,228513.62,216249.25,3169.49,9094.88,15240.68,15240.68,148166.96,1548.67,,28594.78,422064.71,358910.69,122673.18,,,,,,950,1925.11,47736.54,219.75,7093.77,422064.71,209148.22,5228.84,,,209148.22,,,2023.01,,,27089.29,
2023-02-01,,,,229061.8,216182.12,3270.77,9608.91,15240.68,15240.68,143390.44,1551.26,,28435.17,417679.36,350383.69,113860.09,,,,,,950,1571.72,51300.31,219.75,7291.16,417679.36,213456.77,5962.73,,,213456.77,,,2023.02,,,23066.82,
2023-03-01,,,,230941.18,217893.63,3349.5,9698.05,15240.68,15240.68,146628.42,1564.52,,26632.46,421007.27,364071.5,110936.84,,,,,,950,1652.61,41318.08,219.75,6690.57,421007.27,230382.81,6104.75,,,230382.81,,,2023.03,,,22751.85,
2023-04-01,,,,231338.37,217895.06,3385.1,10058.21,15240.68,15240.68,137902.3,1562.72,,26610.13,412654.2,351668.92,110903.21,,,,,,1000,1503.96,44984.57,219.75,6784.49,412654.2,217622.83,6492.51,,,217622.83,,,2023.04,,,23142.88,
2023-05-01,,,,231469.31,217822.22,3455.76,10191.33,15240.68,15240.68,131711.72,1565.5,,26433.63,406420.84,344206.59,109771.27,,,,,,950,1943.93,46016.9,219.75,6674.58,406420.84,211438.1,6409.08,,,211438.1,,,2023.05,,,22997.23,
2023-06-01,,,,231574.38,217733.71,3539.95,10300.72,15240.68,15240.68,143449.64,1559.25,,26238.89,418062.84,365235.34,110311.22,,,,,,950,1458.24,36873.7,219.75,6544.37,418062.84,231388.96,6781.46,,,231388.96,,,2023.06,,,23535.15,
2023-07-01,,,,231736.57,217824.72,3633.25,10278.6,15240.68,15240.68,135783.71,1363.19,,23967.53,408091.68,347843.94,111060.85,,,,,,950,1486.56,45154.97,219.75,6064.21,408091.68,213840.69,6372.25,,,213840.69,,,2023.07,,,22942.4,
2023-08-01,,,,231576.32,217673.89,3750.44,10151.99,15240.68,15240.68,146836.22,1359.52,,21827.7,416840.45,353555.18,111437.81,,,,,,1050,1855.27,44706.43,219.75,8537.19,416840.45,218102.93,6916.63,,,218102.93,,,2023.08,,,24014.44,
2023-09-01,,,,230938.68,218095.08,3855.33,8988.26,15240.68,15240.68,158157.05,1341.33,,21677.15,427354.89,363920.94,114478.45,,,,,,1150,3539.93,43978.84,219.75,8774.38,427354.89,224684.87,5771.05,,,224684.87,,,2023.09,,,24757.62,
2023-10-01,,,,232046.26,219002.12,3953.79,9090.35,15240.68,15240.68,163237.95,1331.18,,21403.73,433259.8,350659.11,113544.31,,,,,,1150,4459.43,60559.97,219.75,9843.99,433259.8,213551.71,6367.56,,,213551.71,,,2023.10,,,23563.08,
2023-11-01,,,,232796.52,219763.93,4009.97,9022.62,15240.68,15240.68,169884.8,1335.32,,21397.31,440654.63,363160.01,115073.49,,,,,,1250,4402.85,55036.02,219.75,10853.11,440654.63,224098.75,5732.88,,,224098.75,,,2023.11,,,23987.76,
2023-12-01,,,,233548.51,220453.85,4052.88,9041.78,15240.68,15240.68,185561.01,1310.9,,21283.04,456944.14,389036.93,118660.94,,,,,,1250,3062.34,46291.74,219.75,11044.96,456944.14,245687.45,6038.42,,,245687.45,,,2023.12,,,24688.54,
2024-01-01,,,,234437.54,221332.16,4099.83,9005.54,15240.68,15240.68,183102.23,2173.32,,21472.99,456426.77,377314.15,128527.46,,,,,,1250,4156.62,55664.17,219.75,11956.39,456426.77,223923.22,5865.68,,,223923.22,,,2024.01,,,24863.48,
2024-02-01,,,,235356.4,222180.64,4156.2,9019.57,15240.68,15240.68,170210.62,2974.65,,21911.54,445693.9,372018.11,128502.36,,,,,,1250,4372.95,50021.12,219.75,11987.33,445693.9,218727.82,5824.63,,,218727.82,,,2024.02,,,24787.92,
2024-03-01,,,,235897.47,222681.72,4181.74,9034.01,15240.68,15240.68,163526.82,3218.2,,20977.51,438860.69,370949.95,122842.95,,,,,,1350,3772.71,43559.77,219.75,13111.66,438860.69,224850.04,5896.84,,,224850.04,,,2024.03,,,23256.96,
2024-04-01,,,,235682.32,222450.45,4192.6,9039.28,15240.68,15240.68,155232.44,3016.47,,19253.31,428425.22,362776.04,122294.45,,,,,,1350,4764.78,41964.33,219.75,11450.07,428425.22,217317.11,5900.26,,,217317.11,,,2024.04,,,23164.47,
2024-05-01,,,,235608.36,222260.78,4192.6,9154.98,15240.68,15240.68,156440.47,2999.55,,19248.52,429537.58,357630.07,121754.03,,,,,,1400,4923.15,47450.07,219.75,11380.27,429537.58,212872.54,6534.28,,,212872.54,,,2024.05,,,23003.5,
2024-06-01,,,,235325.91,221899.72,4192.6,9233.6,15240.68,15240.68,165509.41,3800.2,,16670.58,436546.79,371285.63,122507.22,,,,,,1550,4347.01,41319.43,219.75,11123.38,436546.79,225480.77,6701.58,,,225480.77,,,2024.06,,,23297.64,
2024-07-01,,,,234996.75,221549.32,4192.6,9254.84,15240.68,15240.68,164405.73,5499.2,,16326.78,436469.16,364409.65,123570.81,,,,,,1550,4903.19,46810.71,219.75,11845.43,436469.16,217641.28,6730.43,,,217641.28,,,2024.07,,,23197.56,
2024-08-01,,,,234685.65,221230.64,4192.6,9262.42,20311.26,20311.26,160380.92,7120.86,,16398.85,438897.54,358871.1,124124.6,,,,,,1550,4083.19,50701.98,219.75,16647,438897.54,211050.55,6824.51,,,211050.55,,,2024.08,,,23695.95,
2024-09-01,,,,234347.05,220966.47,4192.6,9187.98,22613.79,22613.79,174252.83,7427.28,,16409.69,455050.63,379130.07,126973.62,,,,,,1547.5,1680.53,48070.71,219.75,17527.04,455050.63,227983.54,6875.04,,,227983.54,,,2024.09,,,24172.92,
2024-10-01,,,,234018.82,220733.04,4192.6,9093.19,24636.28,24636.28,165551.56,7027.95,,16122.87,447357.48,361837.26,127121.76,,,,,,1594.7,1502.35,56889.61,219.75,18080.61,447357.48,211051.8,7233.2,,,211051.8,,,2024.10,,,23663.7,
2024-11-01,,,,233579.18,220344.35,4223.42,9011.41,26655.62,26655.62,170560.57,6856.68,,16055.06,453707.1,367396.09,128819.88,,,,,,1583.4,2590.73,58613.66,219.75,18473.32,453707.1,214781.04,4830.15,,,214781.04,,,2024.11,,,23795.16,
2024-12-01,,,,233256.54,219918.95,4284.69,9052.9,28781.48,28781.48,156430.27,6709.92,,15335.1,440513.31,368040.14,133302.35,,,,,,1570.9,3106.89,44997.2,219.75,16465.92,440513.31,210586.2,6112.51,,,210586.2,,,2024.12,,,24151.59,
2025-01-01,,,,232849.4,219330.18,4317.53,9201.69,28114.36,28114.36,184628.65,6676.05,,14306.26,466574.72,388712.59,148040.73,,,,,,2673.7,4310.16,47737.69,219.75,16970.26,466574.72,209762.23,5950.57,,,209762.23,,,2025.01,,,30909.63,
2025-02-01,,,,232438.67,218663.31,4350.72,9424.64,27790.12,27790.12,188965.25,6663.49,,14347.8,470205.33,381281.65,138676.13,,,,,,2785,4571.36,57816.47,219.75,17117.85,470205.33,217513.16,6413.24,,,217513.16,,,2025.02,,,25092.36,
2025-03-01,,,,232015.68,218001.72,4372.51,9641.45,27006.53,27006.53,175355.58,6594.58,,14339.44,455311.81,376817.73,136037.64,,,,,,2500,2752.79,49602.34,219.75,17253.48,455311.81,216891.44,6165.71,,,216891.44,,,2025.03,,,23888.65,
2025-04-01,,,,231412.8,217255.89,4387.93,9768.99,25183.03,25183.03,173896.6,10294.58,,14416.31,455203.33,373780.6,136197.65,,,,,,2500,2101.34,52950.11,219.75,16957.5,455203.33,213009.41,6694.02,,,213009.41,,,2025.04,,,24573.54,
2025-05-01,,,,230485.43,216519.32,4403.09,9563.02,24341.49,24341.49,171317.62,9809.58,,15043.86,450997.98,366758.99,135911.15,,,,,,1900,1547.32,55760.45,219.75,17434.87,450997.98,205916.74,7376.61,,,205916.74,,,2025.05,,,24931.1,
2025-06-01,,,,229842.47,215804.96,4418.24,9619.27,23521.14,23521.14,178780.75,9809.58,,15869.82,457823.75,379159.42,136520.64,,,,,,2000,1865.12,50038.13,219.75,18498.17,457823.75,217910.7,6043.16,,,217910.7,,,2025.06,,,24728.08,
2025-07-01,,,,229023.79,215090.02,4433.5,9500.28,22873.86,22873.86,180964.98,9809.58,,16821.66,459493.86,372410.6,137356.55,,,,,,1400,2251.53,57685.65,219.75,18947.77,459493.86,210664.84,6578.57,,,210664.84,,,2025.07,,,24389.21,
2025-08-01,,,,228117.35,214382.04,4449.23,9286.08,22481.37,22481.37,186383.07,8709.58,,17562.7,463254.06,371856,138053.74,,,,,,1700,1951.6,61056.03,219.75,19763.13,463254.06,208791.97,6707.55,,,208791.97,,,2025.08,,,25010.29,
2025-09-01,,,,227468.32,213680.6,4457.98,9329.74,22206.02,22206.02,195356.99,8009.58,,18350.47,471391.38,386170.16,140739.72,,,,,,2300,2531.89,53251.69,219.75,20340.25,471391.38,219969.33,6577.64,,,219969.33,,,2025.09,,,25461.11,
2025-10-01,,,,226776.72,213003,4467.16,9306.56,21437.88,21437.88,195503.22,8019.55,,18889.24,470626.61,377809.93,140078.71,,,,,,2300,2021.76,59509.66,219.75,20921.65,470626.61,212187.33,7843.85,,,212187.33,,,2025.10,,,25543.89,
2025-11-01,,,,226231.76,212418.36,4476.69,9336.7,21925.86,21925.86,197287.45,8219.55,,19305.08,472969.7,380196.83,141756.9,,,,,,2300,1827.87,60001.75,219.75,21444.51,472969.7,213315.06,6978.99,,,213315.06,,,2025.11,,,25124.88,
2025-12-01,,,,226260.02,212391.23,4486.37,9382.42,22063.25,22063.25,205021.29,8317.65,,19929.12,481591.34,399204.83,146275.73,,,,,,2400,2138.54,50000.1,219.75,21443.57,481591.34,227668.88,6184.54,,,227668.88,,,2025.12,,,25260.22,
